statement_id,applicant_id,month,inflow_inr,outflow_inr,closing_balance_inr,bounced_instruments,avg_daily_balance_inr
ASH-S-000000,ASH-A-00302,2026-07,6223103,530606,1484409,0,285829
ASH-S-000001,ASH-A-00024,2025-02,6667916,4889248,4768055,0,1285330
ASH-S-000002,ASH-A-00006,2025-07,2068393,110402,1877286,0,141838
ASH-S-000003,ASH-A-00109,2026-01,845160,4828275,90305,0,1267837
ASH-S-000004,ASH-A-00320,2026-05,1653623,3774163,2375373,1,740909
ASH-S-000005,ASH-A-00279,2025-11,5886731,4147449,2685660,0,1438024
ASH-S-000006,ASH-A-00075,2025-03,6142379,6568257,142753,0,1719418
ASH-S-000007,ASH-A-00249,2026-04,298912,382484,2886849,0,2306373
ASH-S-000008,ASH-A-00030,2025-04,6570389,7429095,3555565,0,1023494
ASH-S-000009,ASH-A-00245,2026-03,4560454,2162292,1377072,0,2401910
ASH-S-000010,ASH-A-00147,2025-10,6370929,3835348,-277940,0,2068465
ASH-S-000011,ASH-A-00234,2025-11,2716967,5666514,2302232,0,683941
ASH-S-000012,ASH-A-00324,2025-11,265458,1282698,3687515,0,1601666
ASH-S-000013,ASH-A-00160,2025-08,2261170,6622626,1090525,0,1936773
ASH-S-000014,ASH-A-00275,2025-08,3163153,1085898,4815834,0,2412003
ASH-S-000015,ASH-A-00076,2025-07,3793173,5222605,2326880,1,302527
ASH-S-000016,ASH-A-00007,2025-03,748300,7135872,-60812,0,33566
ASH-S-000017,ASH-A-00326,2026-04,7025843,4309280,1588228,0,499258
ASH-S-000018,ASH-A-00045,2025-12,6666434,7510288,1395024,0,37242
ASH-S-000019,ASH-A-00144,2026-07,5692175,7719445,2352491,0,2369601
ASH-S-000020,ASH-A-00284,2026-04,7649000,5483698,4294543,1,377953
ASH-S-000021,ASH-A-00087,2026-05,7185112,5289204,954983,0,978654
ASH-S-000022,ASH-A-00123,2025-12,3086157,202126,736696,0,1493622
ASH-S-000023,ASH-A-00266,2025-07,1384221,4352190,3425064,2,113448
ASH-S-000024,ASH-A-00305,2025-05,98410,7524479,510784,0,1453898
ASH-S-000025,ASH-A-00082,2025-08,182663,3095544,1135825,0,715685
ASH-S-000026,ASH-A-00050,2026-06,2947507,1192884,2507585,1,2209631
ASH-S-000027,ASH-A-00063,2026-03,8281256,131738,2620583,0,1829215
ASH-S-000028,ASH-A-00054,2025-05,8521169,7383766,1323653,0,1403833
ASH-S-000029,ASH-A-00281,2026-04,1448232,5310385,4322908,0,1983190
ASH-S-000030,ASH-A-00085,2026-07,1660352,6464194,4214174,0,221157
ASH-S-000031,ASH-A-00173,2025-08,8112095,3682993,113452,0,1584699
ASH-S-000032,ASH-A-00311,2025-06,8611555,8106216,996013,0,1168093
ASH-S-000033,ASH-A-00169,2025-10,976246,1670184,3861020,0,2009726
ASH-S-000034,ASH-A-00083,2025-02,985539,3040174,4173799,0,1245413
ASH-S-000035,ASH-A-00274,2025-05,3915916,2329458,854320,0,381953
ASH-S-000036,ASH-A-00142,2025-09,8255112,4736835,1323540,0,2211592
ASH-S-000037,ASH-A-00056,2025-03,7150928,6098145,4392528,0,833270
ASH-S-000038,ASH-A-00005,2026-07,2202871,278871,620224,0,881818
ASH-S-000039,ASH-A-00025,2025-09,2584296,3734504,650589,0,1850908
ASH-S-000040,ASH-A-00254,2025-11,2213929,1792002,1594297,0,823541
ASH-S-000041,ASH-A-00021,2025-05,8524612,1629291,3055839,0,207278
ASH-S-000042,ASH-A-00208,2025-08,6721644,3365807,-425792,0,250925
ASH-S-000043,ASH-A-00176,2026-05,3952334,7441477,3382906,0,1678845
ASH-S-000044,ASH-A-00299,2025-04,3842206,2274914,145907,0,689054
ASH-S-000045,ASH-A-00306,2025-04,7054466,1301975,3489931,0,181449
ASH-S-000046,ASH-A-00081,2026-05,8986787,3720281,551026,1,132354
ASH-S-000047,ASH-A-00134,2025-08,4708929,1182074,4751681,0,690326
ASH-S-000048,ASH-A-00077,2026-04,1441636,3466178,544179,0,68687
ASH-S-000049,ASH-A-00256,2025-03,6235434,6869247,4223964,1,1761893
ASH-S-000050,ASH-A-00201,2026-01,760808,6488437,1511825,0,651609
ASH-S-000051,ASH-A-00043,2026-04,8672367,6665464,2587102,0,1281699
ASH-S-000052,ASH-A-00297,2025-09,4353756,5101605,-146520,0,1819780
ASH-S-000053,ASH-A-00200,2025-07,5216672,3223587,1435085,0,1451959
ASH-S-000054,ASH-A-00004,2025-09,6403816,2866405,3355201,0,718599
ASH-S-000055,ASH-A-00197,2025-05,7358625,2030838,292053,0,625967
ASH-S-000056,ASH-A-00130,2025-07,6974356,2365951,2431676,1,2337021
ASH-S-000057,ASH-A-00164,2025-09,2618486,1761408,3867508,1,174797
ASH-S-000058,ASH-A-00273,2026-02,1725611,6897787,787478,0,1314994
ASH-S-000059,ASH-A-00043,2026-07,6459809,4483643,1400553,0,1431178
ASH-S-000060,ASH-A-00122,2025-05,4806703,7793173,1115809,1,251605
ASH-S-000061,ASH-A-00186,2026-03,4036910,3833411,1609592,0,858536
ASH-S-000062,ASH-A-00017,2026-07,4121390,1361045,210062,0,1544462
ASH-S-000063,ASH-A-00342,2026-03,8460357,6865976,-215208,0,1130198
ASH-S-000064,ASH-A-00189,2026-02,6629897,4565739,3739098,0,1912248
ASH-S-000065,ASH-A-00205,2026-05,4580507,5688815,1222422,0,1016335
ASH-S-000066,ASH-A-00223,2025-11,8002002,4604184,2846953,0,2118853
ASH-S-000067,ASH-A-00195,2025-03,7309436,3560091,1901806,0,752740
ASH-S-000068,ASH-A-00175,2025-09,6286548,431212,4041985,0,43216
ASH-S-000069,ASH-A-00293,2025-10,5219691,1528649,2416307,0,1683950
ASH-S-000070,ASH-A-00305,2025-05,5500659,6287966,4379460,0,1277044
ASH-S-000071,ASH-A-00228,2025-06,1973169,4078631,-336366,0,1168399
ASH-S-000072,ASH-A-00069,2025-08,6253054,2050842,1778811,0,523969
ASH-S-000073,ASH-A-00146,2025-03,4522135,3338491,1628800,0,670238
ASH-S-000074,ASH-A-00212,2025-05,5129898,5373929,2141629,0,244195
ASH-S-000075,ASH-A-00231,2026-04,7003105,3751167,3391124,0,85799
ASH-S-000076,ASH-A-00015,2026-03,2126517,8376170,4002926,0,710499
ASH-S-000077,ASH-A-00072,2025-05,1412124,6240060,4155201,0,2346149
ASH-S-000078,ASH-A-00143,2025-10,2704265,3568371,2592951,0,1181721
ASH-S-000079,ASH-A-00090,2026-01,8560646,7788502,1729038,0,2098995
ASH-S-000080,ASH-A-00024,2025-05,8421968,3314705,4942329,2,116179
ASH-S-000081,ASH-A-00270,2025-12,5808364,2536114,1417005,1,1951120
ASH-S-000082,ASH-A-00231,2025-05,7293778,6776003,2267185,0,827802
ASH-S-000083,ASH-A-00239,2025-02,1950242,4735094,69635,0,205627
ASH-S-000084,ASH-A-00322,2025-11,2638536,7430707,4054765,0,1551354
ASH-S-000085,ASH-A-00166,2026-06,8789790,825549,-144936,0,647463
ASH-S-000086,ASH-A-00247,2026-07,3069387,2207879,101237,0,1351290
ASH-S-000087,ASH-A-00237,2026-07,3349335,2071841,3118703,0,1273005
ASH-S-000088,ASH-A-00116,2026-04,2150608,3711002,2888632,0,374252
ASH-S-000089,ASH-A-00253,2025-06,668583,3389597,570248,0,1460655
ASH-S-000090,ASH-A-00179,2025-06,8772233,6615955,1026481,1,122361
ASH-S-000091,ASH-A-00307,2026-06,3208733,8190904,1614698,0,1576693
ASH-S-000092,ASH-A-00315,2025-11,3657047,3996459,794522,0,1866792
ASH-S-000093,ASH-A-00116,2026-05,3269417,2984375,-438054,0,1996763
ASH-S-000094,ASH-A-00113,2025-11,3863293,2227660,1451170,0,375355
ASH-S-000095,ASH-A-00259,2025-11,663149,7937614,2881082,0,215331
ASH-S-000096,ASH-A-00282,2026-01,844398,3204680,2813923,0,516643
ASH-S-000097,ASH-A-00258,2025-06,3433820,6454350,-126415,0,2071048
ASH-S-000098,ASH-A-00063,2025-06,6730920,1733974,2521419,0,2332059
ASH-S-000099,ASH-A-00113,2026-04,3148301,1563919,3685542,0,1833439
ASH-S-000100,ASH-A-00134,2026-03,4413062,6813453,3563750,0,1866466
ASH-S-000101,ASH-A-00134,2025-05,2515189,3580198,1367735,2,650748
ASH-S-000102,ASH-A-00072,2025-06,8608836,343322,4874588,0,1234891
ASH-S-000103,ASH-A-00129,2025-06,5886697,2648439,4846024,1,759262
ASH-S-000104,ASH-A-00181,2025-12,1038984,6385462,1085454,0,1425719
ASH-S-000105,ASH-A-00108,2025-11,907266,6596593,1582082,0,2018184
ASH-S-000106,ASH-A-00125,2025-03,2005023,989824,1827977,0,2072659
ASH-S-000107,ASH-A-00141,2025-04,4044703,165913,3623229,0,970978
ASH-S-000108,ASH-A-00286,2025-10,2127234,5495127,795684,0,310887
ASH-S-000109,ASH-A-00112,2025-12,3007872,6792573,30935,0,1213026
ASH-S-000110,ASH-A-00339,2025-12,3925985,8004457,2614987,0,1326302
ASH-S-000111,ASH-A-00141,2026-02,835527,6125502,2221104,0,315015
ASH-S-000112,ASH-A-00089,2026-06,1208985,6238837,275429,0,1132681
ASH-S-000113,ASH-A-00036,2025-04,5821514,5595614,3142548,0,2398972
ASH-S-000114,ASH-A-00343,2025-04,6387818,3608716,4507118,0,2304794
ASH-S-000115,ASH-A-00254,2025-11,3181482,1069956,3552711,0,584988
ASH-S-000116,ASH-A-00009,2025-08,2910773,7351324,877880,0,308301
ASH-S-000117,ASH-A-00318,2026-06,8403687,1672189,690475,0,386671
ASH-S-000118,ASH-A-00076,2025-10,1309629,3445396,4344707,0,1813535
ASH-S-000119,ASH-A-00317,2025-12,7843781,7675232,2955635,0,2204543
ASH-S-000120,ASH-A-00242,2025-07,1324757,2827799,3126587,0,2039509
ASH-S-000121,ASH-A-00118,2025-04,3190064,2272102,3222944,0,128775
ASH-S-000122,ASH-A-00235,2025-10,8978935,8031766,4992095,0,1488143
ASH-S-000123,ASH-A-00121,2026-06,3569742,5240257,1253015,0,394598
ASH-S-000124,ASH-A-00322,2025-12,5596611,5240245,1130213,0,2159556
ASH-S-000125,ASH-A-00344,2026-05,5698205,3108235,1506012,0,201598
ASH-S-000126,ASH-A-00081,2025-05,1241873,5965124,-252709,0,2049647
ASH-S-000127,ASH-A-00193,2025-09,4824400,7712001,1933139,0,219470
ASH-S-000128,ASH-A-00000,2025-05,7140941,7849111,2868895,0,2294870
ASH-S-000129,ASH-A-00340,2026-01,8408408,6786215,2047656,0,2497582
ASH-S-000130,ASH-A-00230,2025-10,1573623,7102900,1238679,0,1467766
ASH-S-000131,ASH-A-00218,2026-07,646645,4370596,2323490,0,1715848
ASH-S-000132,ASH-A-00125,2025-11,5360372,3760899,3494824,0,2479871
ASH-S-000133,ASH-A-00197,2025-09,7237573,3188472,3445695,0,470995
ASH-S-000134,ASH-A-00325,2026-04,6087810,2364404,4325716,0,944239
ASH-S-000135,ASH-A-00164,2025-07,911233,6283705,4529179,0,43374
ASH-S-000136,ASH-A-00091,2025-11,5948075,1907539,904860,0,1950589
ASH-S-000137,ASH-A-00211,2026-07,3542315,7216597,2064146,0,338678
ASH-S-000138,ASH-A-00160,2026-05,4945071,5687064,4681513,0,1191505
ASH-S-000139,ASH-A-00211,2026-07,7371789,4220979,2054310,2,1107755
ASH-S-000140,ASH-A-00149,2025-07,5237174,4378419,162317,0,1290741
ASH-S-000141,ASH-A-00313,2025-05,6715756,4163508,4645751,0,1094138
ASH-S-000142,ASH-A-00141,2026-05,7644685,4842997,1449306,0,1140948
ASH-S-000143,ASH-A-00209,2025-08,368168,2934563,775610,0,2498568
ASH-S-000144,ASH-A-00168,2026-03,7128582,2212578,4628788,0,926565
ASH-S-000145,ASH-A-00294,2026-07,8844165,4583283,386838,0,444577
ASH-S-000146,ASH-A-00004,2026-04,7554972,2225750,63415,0,492946
ASH-S-000147,ASH-A-00245,2025-03,8115115,5543188,2077979,1,2185049
ASH-S-000148,ASH-A-00178,2025-07,4896158,6985610,2658348,0,2466205
ASH-S-000149,ASH-A-00067,2025-05,705661,4160919,-364767,0,1176593
ASH-S-000150,ASH-A-00290,2026-01,5186760,6460532,87611,0,947200
ASH-S-000151,ASH-A-00290,2025-03,539457,2432887,2534427,0,491500
ASH-S-000152,ASH-A-00104,2026-01,5672155,6661537,2538349,0,1652515
ASH-S-000153,ASH-A-00097,2025-10,5740327,7967996,-430566,0,1814574
ASH-S-000154,ASH-A-00040,2026-04,3744158,1214009,1740193,0,2327564
ASH-S-000155,ASH-A-00152,2025-07,4431588,5550445,2876492,0,365014
ASH-S-000156,ASH-A-00037,2025-07,6304122,866278,1267177,0,779936
ASH-S-000157,ASH-A-00097,2025-12,2723608,2337202,-169104,1,827481
ASH-S-000158,ASH-A-00158,2026-01,4991615,3132102,1774014,0,462068
ASH-S-000159,ASH-A-00009,2025-09,3972158,7622535,4410741,0,1671972
ASH-S-000160,ASH-A-00276,2025-03,628103,5324565,731688,0,1186836
ASH-S-000161,ASH-A-00195,2026-05,920925,2626756,302211,0,2053865
ASH-S-000162,ASH-A-00224,2025-09,1160642,7875099,1760364,0,167453
ASH-S-000163,ASH-A-00154,2025-07,5424163,1040550,851624,0,1547685
ASH-S-000164,ASH-A-00024,2025-06,2797691,4763172,3091035,0,769898
ASH-S-000165,ASH-A-00229,2025-10,2755681,3398168,1236461,0,653062
ASH-S-000166,ASH-A-00319,2025-08,236351,2346603,-313755,0,1693059
ASH-S-000167,ASH-A-00293,2025-05,3695930,3489450,-366443,0,930480
ASH-S-000168,ASH-A-00101,2025-08,6929994,7919220,3249151,0,525294
ASH-S-000169,ASH-A-00343,2026-01,7735347,6187040,-360191,0,1800414
ASH-S-000170,ASH-A-00072,2026-02,5907959,5347988,1639799,1,247672
ASH-S-000171,ASH-A-00088,2025-09,6290843,3593439,20181,0,735788
ASH-S-000172,ASH-A-00118,2026-05,4413808,8241178,981325,0,919261
ASH-S-000173,ASH-A-00138,2025-05,862937,2191642,4081389,0,295637
ASH-S-000174,ASH-A-00297,2025-02,1604494,7680528,917714,1,565337
ASH-S-000175,ASH-A-00149,2025-03,6342932,1041294,3235506,0,1744710
ASH-S-000176,ASH-A-00132,2026-07,7840635,1764402,3545385,0,2086986
ASH-S-000177,ASH-A-00164,2025-08,7024424,1836218,4770218,0,777040
ASH-S-000178,ASH-A-00135,2025-03,6561329,6095783,4917188,0,2261598
ASH-S-000179,ASH-A-00225,2025-06,7951214,2548697,2397751,0,278808
ASH-S-000180,ASH-A-00092,2025-06,5392637,732820,4456775,0,1449661
ASH-S-000181,ASH-A-00197,2025-12,4806937,4333533,3804141,0,628378
ASH-S-000182,ASH-A-00126,2026-02,4259267,3207850,3336361,0,330063
ASH-S-000183,ASH-A-00095,2025-04,2260882,1478284,271023,2,510069
ASH-S-000184,ASH-A-00271,2026-01,8695314,764032,1527246,0,2328606
ASH-S-000185,ASH-A-00212,2026-05,918804,1300405,3361905,1,2043110
ASH-S-000186,ASH-A-00149,2026-07,684880,3843854,4568604,0,444399
ASH-S-000187,ASH-A-00300,2026-06,4304824,6015234,1044873,0,468823
ASH-S-000188,ASH-A-00252,2025-04,2976812,3004449,742062,1,1636594
ASH-S-000189,ASH-A-00130,2025-08,3776222,7683625,1074947,0,1522954
ASH-S-000190,ASH-A-00148,2025-06,2501656,1955605,2701436,0,1354285
ASH-S-000191,ASH-A-00133,2026-05,6497287,3287225,1188284,0,16323
ASH-S-000192,ASH-A-00276,2025-07,3474981,4923660,2019838,0,87685
ASH-S-000193,ASH-A-00156,2026-03,8780075,8433437,3816232,0,1396610
ASH-S-000194,ASH-A-00006,2025-09,7875112,409126,944271,0,1579470
ASH-S-000195,ASH-A-00314,2026-07,6413787,5921302,148707,0,1323747
ASH-S-000196,ASH-A-00097,2026-07,7599465,8395511,1709048,0,771934
ASH-S-000197,ASH-A-00203,2026-01,3589845,2743655,4564144,0,1746923
ASH-S-000198,ASH-A-00119,2025-09,3183558,7649182,3727595,0,725113
ASH-S-000199,ASH-A-00081,2025-11,2657164,354219,3059465,0,1685068
ASH-S-000200,ASH-A-00178,2026-04,1484503,2438336,4621639,0,1557217
ASH-S-000201,ASH-A-00293,2025-06,2611839,4855558,531682,0,1731815
ASH-S-000202,ASH-A-00111,2025-03,2624009,5390895,2199161,0,2449263
ASH-S-000203,ASH-A-00205,2025-08,7393048,4159743,3436210,0,656633
ASH-S-000204,ASH-A-00330,2025-12,2971728,5037111,1058988,0,1591182
ASH-S-000205,ASH-A-00038,2025-10,4428804,514123,4971617,0,1434563
ASH-S-000206,ASH-A-00049,2025-07,3515348,1854644,1420955,0,179649
ASH-S-000207,ASH-A-00022,2025-09,3845638,2694592,88819,0,361096
ASH-S-000208,ASH-A-00090,2025-06,1663118,2960709,189794,0,1251818
ASH-S-000209,ASH-A-00261,2026-07,1969999,6309336,4065809,0,1836368
ASH-S-000210,ASH-A-00278,2025-12,8460278,6795438,2049421,1,446128
ASH-S-000211,ASH-A-00298,2025-05,8985988,5541395,1749022,0,255314
ASH-S-000212,ASH-A-00199,2025-10,5207028,2300852,-441947,0,1638510
ASH-S-000213,ASH-A-00090,2026-04,8510150,8412168,3259812,0,2025117
ASH-S-000214,ASH-A-00125,2025-10,8817254,5551052,2802404,0,1191824
ASH-S-000215,ASH-A-00204,2025-10,2072327,7363867,634656,0,766201
ASH-S-000216,ASH-A-00057,2026-05,2444066,7376857,764926,0,820792
ASH-S-000217,ASH-A-00093,2025-02,5207759,1133135,-68553,0,1070888
ASH-S-000218,ASH-A-00272,2025-07,1971931,4781184,3623487,1,2393840
ASH-S-000219,ASH-A-00057,2025-04,7983065,7551253,837015,0,1713941
ASH-S-000220,ASH-A-00301,2026-05,4738782,1679589,899589,0,845348
ASH-S-000221,ASH-A-00056,2026-04,413906,1016520,1389958,1,1781037
ASH-S-000222,ASH-A-00209,2025-02,2900107,95751,73348,0,835055
ASH-S-000223,ASH-A-00082,2026-04,5728226,3304575,4113166,0,414168
ASH-S-000224,ASH-A-00001,2025-10,858685,5540067,1055423,0,2230716
ASH-S-000225,ASH-A-00120,2026-04,112061,6020576,4190164,0,1762924
ASH-S-000226,ASH-A-00315,2025-06,1127699,1060614,3334116,0,1822759
ASH-S-000227,ASH-A-00083,2026-01,7397344,4154741,1455375,0,2341236
ASH-S-000228,ASH-A-00105,2026-03,6545343,3479979,1349273,0,1719216
ASH-S-000229,ASH-A-00042,2026-03,5720877,1973352,4844100,2,1698167
ASH-S-000230,ASH-A-00090,2025-12,7711549,1817494,1628966,0,1288016
ASH-S-000231,ASH-A-00055,2025-02,1327983,3245522,850674,0,667881
ASH-S-000232,ASH-A-00102,2025-08,2636085,1723450,4084581,0,948709
ASH-S-000233,ASH-A-00178,2025-07,7815749,1122009,3982162,0,92983
ASH-S-000234,ASH-A-00207,2026-02,8351307,6530011,346682,0,1782059
ASH-S-000235,ASH-A-00322,2025-11,2882602,165259,4875122,1,2267484
ASH-S-000236,ASH-A-00267,2025-04,4549467,4210050,179651,0,1969112
ASH-S-000237,ASH-A-00310,2026-01,6954490,2019224,3414164,1,474179
ASH-S-000238,ASH-A-00180,2026-05,7109640,4203130,4088386,0,1477769
ASH-S-000239,ASH-A-00338,2026-02,3069617,339110,813955,0,1590708
ASH-S-000240,ASH-A-00188,2025-12,6530373,2925798,4680770,1,2420660
ASH-S-000241,ASH-A-00048,2025-05,5510328,7579839,1262450,0,2137475
ASH-S-000242,ASH-A-00303,2026-04,2806425,5821775,2285946,0,1154326
ASH-S-000243,ASH-A-00343,2026-01,231539,7514748,2048643,1,2439892
ASH-S-000244,ASH-A-00311,2025-02,7546730,4558258,4813025,0,1738077
ASH-S-000245,ASH-A-00216,2026-05,5188877,1115775,3223142,0,1672442
ASH-S-000246,ASH-A-00248,2025-02,144545,7731957,2125248,0,2098891
ASH-S-000247,ASH-A-00130,2026-04,5984629,4828531,2952655,0,2145147
ASH-S-000248,ASH-A-00099,2026-05,8536863,5131231,494092,0,1027252
ASH-S-000249,ASH-A-00147,2026-01,8787166,5820669,1280216,0,2449092
ASH-S-000250,ASH-A-00274,2026-03,1872105,6449110,2007587,0,2248517
ASH-S-000251,ASH-A-00014,2025-09,4945657,5362222,-367152,0,709044
ASH-S-000252,ASH-A-00339,2026-06,8716401,6678586,-366846,0,726812
ASH-S-000253,ASH-A-00060,2025-03,2831906,6745243,720554,2,173932
ASH-S-000254,ASH-A-00203,2025-12,4943345,1086875,-298350,0,761373
ASH-S-000255,ASH-A-00138,2026-03,4318976,6075793,3912776,0,938784
ASH-S-000256,ASH-A-00000,2026-04,3266897,750365,2317234,0,2278519
ASH-S-000257,ASH-A-00282,2025-08,8027817,4454145,439077,0,1754805
ASH-S-000258,ASH-A-00121,2025-02,2586135,7560727,2658465,1,208152
ASH-S-000259,ASH-A-00000,2025-07,850481,5846686,2824722,0,1701550
ASH-S-000260,ASH-A-00052,2026-05,6050859,3470904,-304983,1,1509196
ASH-S-000261,ASH-A-00198,2025-09,1708923,4439847,4292359,0,1848258
ASH-S-000262,ASH-A-00277,2026-07,5015684,7307643,3315021,0,2118282
ASH-S-000263,ASH-A-00245,2025-02,2064998,7980592,908916,0,156462
ASH-S-000264,ASH-A-00015,2025-05,3503305,7236064,2673592,1,525376
ASH-S-000265,ASH-A-00024,2025-08,4633056,5019788,2091883,1,1067237
ASH-S-000266,ASH-A-00067,2026-05,805880,6660067,3609649,0,1448411
ASH-S-000267,ASH-A-00216,2026-04,6805470,6338457,932733,0,171981
ASH-S-000268,ASH-A-00193,2025-05,2194701,2020067,2264614,1,1839504
ASH-S-000269,ASH-A-00244,2025-05,5371976,7198205,1045356,0,768330
ASH-S-000270,ASH-A-00063,2026-05,212781,5626432,1528971,0,1246880
ASH-S-000271,ASH-A-00225,2025-03,4418920,8430219,2127845,0,1640735
ASH-S-000272,ASH-A-00155,2026-04,4921463,5524008,2673627,0,1843218
ASH-S-000273,ASH-A-00167,2025-06,1697137,3948291,4032683,0,35613
ASH-S-000274,ASH-A-00250,2025-04,2381496,4882943,2343548,0,925035
ASH-S-000275,ASH-A-00052,2025-06,1025506,115772,1639911,0,785253
ASH-S-000276,ASH-A-00046,2025-04,8003903,4033323,4919485,0,1953281
ASH-S-000277,ASH-A-00253,2025-06,7220361,4601591,4046895,0,1043395
ASH-S-000278,ASH-A-00316,2025-11,5465234,5449326,4198495,0,768936
ASH-S-000279,ASH-A-00299,2026-07,5201645,2917347,2454768,0,1321256
ASH-S-000280,ASH-A-00051,2025-12,2020388,8488153,2298877,0,362461
ASH-S-000281,ASH-A-00229,2025-03,998370,5696947,-11902,0,207818
ASH-S-000282,ASH-A-00185,2025-10,1636022,4393997,3310083,0,1139295
ASH-S-000283,ASH-A-00241,2025-08,6222499,3664147,2541562,0,1258070
ASH-S-000284,ASH-A-00224,2026-03,5042643,1941312,3419195,0,2445133
ASH-S-000285,ASH-A-00153,2026-04,7788498,3406027,1730681,0,862175
ASH-S-000286,ASH-A-00018,2025-10,3961711,8252824,3832762,0,942165
ASH-S-000287,ASH-A-00099,2025-05,8969427,3713628,3083997,0,297929
ASH-S-000288,ASH-A-00102,2025-08,8823708,3117141,3132975,1,2161593
ASH-S-000289,ASH-A-00242,2026-03,3017398,1206175,2508044,0,2022926
ASH-S-000290,ASH-A-00278,2026-02,3373355,221777,1942775,0,1833662
ASH-S-000291,ASH-A-00094,2025-10,1130167,5319001,1072861,0,1292322
ASH-S-000292,ASH-A-00209,2025-10,3648629,5553491,1449400,0,2156887
ASH-S-000293,ASH-A-00025,2025-04,8667989,1861536,2538361,0,2016413
ASH-S-000294,ASH-A-00096,2025-09,4764472,6460775,3715480,0,2019871
ASH-S-000295,ASH-A-00226,2025-11,2807728,6728783,4489634,1,1311876
ASH-S-000296,ASH-A-00114,2025-07,6724679,2350957,4479655,0,1087737
ASH-S-000297,ASH-A-00192,2026-06,7294397,4455515,2414332,0,2474329
ASH-S-000298,ASH-A-00294,2026-05,566424,679602,490912,0,2334078
ASH-S-000299,ASH-A-00174,2026-02,3903108,344573,4006797,1,1437659
ASH-S-000300,ASH-A-00083,2025-04,1505801,6931926,3929417,0,1215819
ASH-S-000301,ASH-A-00087,2026-06,5026075,6600806,1873102,0,2168387
ASH-S-000302,ASH-A-00264,2025-09,7760964,6279517,3224549,0,1565815
ASH-S-000303,ASH-A-00251,2025-10,5927354,2180948,3897922,0,2494436
ASH-S-000304,ASH-A-00026,2025-06,2486846,1258851,3250276,0,1950959
ASH-S-000305,ASH-A-00275,2026-05,1321156,2369534,2060204,0,796563
ASH-S-000306,ASH-A-00327,2026-05,7660838,1434880,3426561,0,1386428
ASH-S-000307,ASH-A-00297,2026-03,5100560,4467242,2307599,0,1125164
ASH-S-000308,ASH-A-00105,2026-01,8407199,2742273,3937848,2,2205173
ASH-S-000309,ASH-A-00053,2025-04,3137231,3711356,4903570,0,2225276
ASH-S-000310,ASH-A-00257,2025-10,7368314,1973893,237161,0,2072272
ASH-S-000311,ASH-A-00275,2025-04,4695449,5706529,4385510,0,105059
ASH-S-000312,ASH-A-00316,2026-07,2880519,1827750,3285404,0,207107
ASH-S-000313,ASH-A-00189,2025-10,2559789,7194099,3098032,0,936987
ASH-S-000314,ASH-A-00191,2025-04,5332627,406743,3448013,2,59864
ASH-S-000315,ASH-A-00342,2025-10,3354222,2182930,2859841,0,519766
ASH-S-000316,ASH-A-00062,2026-04,4125508,1399161,-362463,0,2244046
ASH-S-000317,ASH-A-00064,2026-04,8037610,5216876,677438,0,1331831
ASH-S-000318,ASH-A-00178,2025-05,4162723,7217024,-95477,0,2237673
ASH-S-000319,ASH-A-00167,2026-03,1775578,8487002,581940,0,1384642
ASH-S-000320,ASH-A-00031,2025-05,5102039,3619746,3417471,0,302254
ASH-S-000321,ASH-A-00175,2026-03,8404675,3510093,2730244,0,596619
ASH-S-000322,ASH-A-00225,2025-04,3721208,5909862,3825312,0,1691677
ASH-S-000323,ASH-A-00290,2025-08,3586199,5986213,1579996,0,263141
ASH-S-000324,ASH-A-00003,2026-06,5681298,5458188,3158794,0,1234312
ASH-S-000325,ASH-A-00230,2026-07,4212400,1501971,2354414,1,1585269
ASH-S-000326,ASH-A-00122,2026-05,8256265,3179511,2545306,0,495239
ASH-S-000327,ASH-A-00051,2025-11,4948367,4188861,2845778,1,188624
ASH-S-000328,ASH-A-00337,2025-05,8603800,4086266,3505537,0,1926527
ASH-S-000329,ASH-A-00014,2025-06,7157035,6405316,2988148,0,1055950
ASH-S-000330,ASH-A-00151,2025-06,8824956,1439201,2718469,0,1085523
ASH-S-000331,ASH-A-00035,2026-07,6995713,1344185,-156719,1,1947043
ASH-S-000332,ASH-A-00165,2026-06,3514928,5676376,4041371,1,1266668
ASH-S-000333,ASH-A-00209,2025-09,798965,6323018,593876,0,2359718
ASH-S-000334,ASH-A-00279,2025-02,2351113,8287797,1345105,0,608568
ASH-S-000335,ASH-A-00249,2025-12,3578563,7143687,676765,1,2145362
ASH-S-000336,ASH-A-00052,2025-08,4428034,4599716,3352452,0,2438550
ASH-S-000337,ASH-A-00117,2026-05,5398184,3606948,-268742,0,2422281
ASH-S-000338,ASH-A-00022,2025-12,8389706,6806654,1732109,0,25073
ASH-S-000339,ASH-A-00291,2025-06,2984693,4727750,4697804,0,1140878
ASH-S-000340,ASH-A-00163,2025-11,1957132,4038372,2306926,0,1912848
ASH-S-000341,ASH-A-00069,2026-02,2148393,7668681,1780380,1,99225
ASH-S-000342,ASH-A-00328,2026-01,2090214,1832652,2769106,0,1146610
ASH-S-000343,ASH-A-00017,2025-07,5198172,3554099,4504711,0,2202435
ASH-S-000344,ASH-A-00033,2026-03,8358174,3508496,4150117,0,1516360
ASH-S-000345,ASH-A-00262,2025-07,4006479,3657858,2944894,0,2001859
ASH-S-000346,ASH-A-00230,2025-02,4292237,1641975,1500755,0,62245
ASH-S-000347,ASH-A-00318,2025-05,5937037,3298025,3850428,0,1767963
ASH-S-000348,ASH-A-00011,2025-07,2222723,6702066,667700,0,709856
ASH-S-000349,ASH-A-00020,2025-08,1217832,2918597,1501557,1,156172
ASH-S-000350,ASH-A-00334,2025-11,7633274,7808142,673658,0,1182301
ASH-S-000351,ASH-A-00033,2025-02,1029541,8360492,4512408,0,1151317
ASH-S-000352,ASH-A-00051,2026-04,3688636,2736989,1820985,0,1017463
ASH-S-000353,ASH-A-00282,2026-06,1343045,1058197,4762548,0,1308415
ASH-S-000354,ASH-A-00050,2026-06,2503349,2479247,1874045,0,1962935
ASH-S-000355,ASH-A-00014,2026-05,8043631,2593751,2819666,2,2418940
ASH-S-000356,ASH-A-00208,2025-07,3155804,3037218,2680580,0,2090412
ASH-S-000357,ASH-A-00152,2025-05,3192545,4918893,-332654,0,907517
ASH-S-000358,ASH-A-00088,2025-12,1752332,1869964,4025904,0,226500
ASH-S-000359,ASH-A-00018,2025-07,5205083,6478491,3961069,0,1610053
ASH-S-000360,ASH-A-00110,2025-03,8047351,261313,802497,0,1891777
ASH-S-000361,ASH-A-00334,2025-06,1021043,2600849,-155158,0,1416019
ASH-S-000362,ASH-A-00121,2025-12,7027521,2334016,137860,0,834574
ASH-S-000363,ASH-A-00209,2026-04,603067,227376,2393437,0,1322768
ASH-S-000364,ASH-A-00015,2025-03,1686916,8363594,1591745,0,2371753
ASH-S-000365,ASH-A-00006,2025-02,7820921,3687030,4711811,0,804848
ASH-S-000366,ASH-A-00017,2026-06,7654426,2940063,894255,0,866451
ASH-S-000367,ASH-A-00276,2025-11,772168,7989147,183931,0,2088756
ASH-S-000368,ASH-A-00072,2025-07,2092432,478620,1679748,0,1181585
ASH-S-000369,ASH-A-00208,2025-05,8401129,1921588,4327139,0,296901
ASH-S-000370,ASH-A-00242,2025-02,7710079,4368981,2120212,0,235626
ASH-S-000371,ASH-A-00074,2025-08,5138907,4978001,655154,0,614922
ASH-S-000372,ASH-A-00047,2026-06,6745779,318314,758552,0,910407
ASH-S-000373,ASH-A-00300,2025-09,1460465,2440956,-307246,0,1289644
ASH-S-000374,ASH-A-00228,2026-02,3104840,6365341,4725973,0,776012
ASH-S-000375,ASH-A-00215,2026-06,6004408,5358350,341661,0,557566
ASH-S-000376,ASH-A-00240,2025-12,1403769,7871785,4605628,0,2347029
ASH-S-000377,ASH-A-00012,2026-07,2327082,4595693,2443620,0,1516133
ASH-S-000378,ASH-A-00299,2026-04,5964702,1938154,2756670,0,453626
ASH-S-000379,ASH-A-00054,2026-04,1932877,5423158,4054884,0,391341
ASH-S-000380,ASH-A-00087,2026-01,6868118,4850495,4638951,0,1744864
ASH-S-000381,ASH-A-00130,2026-02,7259975,7128258,614528,0,1601189
ASH-S-000382,ASH-A-00030,2025-02,8471961,4577001,2166923,0,109134
ASH-S-000383,ASH-A-00261,2025-08,7433822,1545970,4285831,0,146436
ASH-S-000384,ASH-A-00251,2025-09,2271599,1498713,3217358,0,221191
ASH-S-000385,ASH-A-00206,2026-04,8956598,3442286,2847042,0,546273
ASH-S-000386,ASH-A-00101,2025-10,3946497,4734174,4082637,0,1843104
ASH-S-000387,ASH-A-00138,2026-01,735531,2706108,533718,0,2223686
ASH-S-000388,ASH-A-00210,2025-10,4682343,7302614,1122794,0,50803
ASH-S-000389,ASH-A-00086,2025-03,2873401,3403730,3674409,0,632369
ASH-S-000390,ASH-A-00007,2025-11,5597245,84999,1295982,0,18297
ASH-S-000391,ASH-A-00031,2025-02,384904,6383389,1635968,0,1701588
ASH-S-000392,ASH-A-00232,2025-08,1946127,141021,-421826,0,2408039
ASH-S-000393,ASH-A-00290,2025-04,2115379,4289914,549175,0,21115
ASH-S-000394,ASH-A-00011,2026-05,1629296,6510555,4312358,0,648658
ASH-S-000395,ASH-A-00120,2025-05,8375865,3441305,3381465,0,2450968
ASH-S-000396,ASH-A-00344,2026-03,7794686,810435,2806496,0,1422802
ASH-S-000397,ASH-A-00153,2026-04,1459095,7194635,3576774,2,1639520
ASH-S-000398,ASH-A-00125,2025-03,929970,446843,4555694,0,2482485
ASH-S-000399,ASH-A-00263,2025-09,3756191,4238217,3195370,0,415929
ASH-S-000400,ASH-A-00125,2026-01,1463817,1672647,3940525,1,1345217
ASH-S-000401,ASH-A-00047,2026-07,6277168,4407612,2315942,0,2414724
ASH-S-000402,ASH-A-00158,2025-06,384860,3232782,4884500,0,60492
ASH-S-000403,ASH-A-00035,2025-11,3493379,5494843,1556332,0,1734344
ASH-S-000404,ASH-A-00015,2026-01,5476419,6352493,4371387,0,1060181
ASH-S-000405,ASH-A-00145,2026-05,4665854,6845074,3173395,0,235102
ASH-S-000406,ASH-A-00048,2025-03,2394386,4539458,4951948,0,594179
ASH-S-000407,ASH-A-00276,2025-04,8585975,2613618,705721,0,2163099
ASH-S-000408,ASH-A-00228,2026-05,4928379,78934,802350,2,1650316
ASH-S-000409,ASH-A-00072,2025-03,8986662,5875832,3750990,1,2094068
ASH-S-000410,ASH-A-00134,2026-07,5528596,2340748,3472252,0,1513704
ASH-S-000411,ASH-A-00326,2025-07,6985264,5287328,890243,1,942264
ASH-S-000412,ASH-A-00176,2026-01,371870,201285,2021780,0,407205
ASH-S-000413,ASH-A-00286,2025-05,5650296,1858230,4154943,0,1766041
ASH-S-000414,ASH-A-00035,2026-06,3044356,5552256,2452052,0,1213197
ASH-S-000415,ASH-A-00340,2025-12,1999686,591957,60297,0,735165
ASH-S-000416,ASH-A-00112,2025-03,4517610,7214988,2975895,0,367577
ASH-S-000417,ASH-A-00065,2026-04,4145168,2464582,3394341,0,386359
ASH-S-000418,ASH-A-00089,2025-07,2213261,7227490,125825,0,534679
ASH-S-000419,ASH-A-00015,2026-07,4517438,6339062,-353294,0,1810963
ASH-S-000420,ASH-A-00222,2025-10,3844611,4397729,2167720,0,202952
ASH-S-000421,ASH-A-00156,2026-07,3061384,2481397,3239360,0,927558
ASH-S-000422,ASH-A-00324,2025-09,6502642,482000,448176,0,1406268
ASH-S-000423,ASH-A-00121,2025-02,6219638,8435531,4800610,2,1306575
ASH-S-000424,ASH-A-00251,2025-06,4433234,4000606,2483683,0,1779391
ASH-S-000425,ASH-A-00042,2026-02,6955845,2896640,918868,1,435960
ASH-S-000426,ASH-A-00347,2025-05,7778180,3134808,2857133,0,25910
ASH-S-000427,ASH-A-00260,2025-12,7098002,6559943,2495092,1,1688515
ASH-S-000428,ASH-A-00078,2025-05,4711550,1344940,4762690,1,1724504
ASH-S-000429,ASH-A-00279,2026-01,8647062,4582508,4780677,0,1969081
ASH-S-000430,ASH-A-00041,2026-07,2758376,1068134,4911259,0,73102
ASH-S-000431,ASH-A-00018,2025-12,1906251,5148664,3749324,0,1273899
ASH-S-000432,ASH-A-00074,2025-05,4027569,5314741,1830654,0,1300165
ASH-S-000433,ASH-A-00027,2025-10,7114286,6408560,4144304,0,473314
ASH-S-000434,ASH-A-00077,2025-04,5721815,7321575,1670454,0,1504348
ASH-S-000435,ASH-A-00083,2025-11,4388018,2946814,-305784,2,1169357
ASH-S-000436,ASH-A-00144,2026-06,1555412,2135757,397881,0,2078033
ASH-S-000437,ASH-A-00100,2026-04,1427342,2522085,3438952,0,1809501
ASH-S-000438,ASH-A-00119,2025-10,3860700,5720014,4472094,0,2109009
ASH-S-000439,ASH-A-00257,2025-06,1166708,4711104,4471482,0,2261671
ASH-S-000440,ASH-A-00011,2025-12,6877316,4416545,-296602,0,422466
ASH-S-000441,ASH-A-00051,2025-03,3129172,1588539,900547,0,1566380
ASH-S-000442,ASH-A-00159,2025-07,4760271,1440122,1114375,0,132924
ASH-S-000443,ASH-A-00060,2025-12,934928,5276965,4677962,0,2224141
ASH-S-000444,ASH-A-00217,2025-02,4101791,8392761,743511,0,2129115
ASH-S-000445,ASH-A-00197,2025-03,1060698,3459663,918648,0,855758
ASH-S-000446,ASH-A-00053,2026-05,7574748,890449,222614,0,1167722
ASH-S-000447,ASH-A-00016,2025-02,3600809,5056490,3533279,0,1019576
ASH-S-000448,ASH-A-00054,2026-07,8407907,1719290,4496711,0,2336898
ASH-S-000449,ASH-A-00212,2025-03,1840974,6568783,855167,0,1498049
ASH-S-000450,ASH-A-00315,2025-03,8591530,4394737,376463,0,1204937
ASH-S-000451,ASH-A-00325,2026-02,8869306,5573945,2608977,1,515331
ASH-S-000452,ASH-A-00039,2025-07,7420862,5776435,1424492,0,704780
ASH-S-000453,ASH-A-00061,2025-02,8008043,2852865,4231780,0,1870763
ASH-S-000454,ASH-A-00267,2025-02,7993374,2368575,3475717,0,245879
ASH-S-000455,ASH-A-00116,2026-02,1958227,7030962,437377,0,2327457
ASH-S-000456,ASH-A-00262,2025-05,7964983,2654239,638660,1,2476580
ASH-S-000457,ASH-A-00324,2025-12,4296352,8131883,3663857,0,2255940
ASH-S-000458,ASH-A-00101,2026-02,5764926,3863143,-111785,0,1768358
ASH-S-000459,ASH-A-00286,2025-04,197006,3114479,1955818,0,2312844
ASH-S-000460,ASH-A-00187,2025-11,7890164,8457018,-185945,0,1087488
ASH-S-000461,ASH-A-00342,2025-09,3337374,2324143,1339183,1,791075
ASH-S-000462,ASH-A-00083,2025-05,6634909,698397,2775015,0,1614013
ASH-S-000463,ASH-A-00282,2025-11,7728613,4415056,2892111,0,93563
ASH-S-000464,ASH-A-00199,2026-01,6061200,1172215,3215240,0,506581
ASH-S-000465,ASH-A-00125,2026-05,6198266,2442994,300299,0,494190
ASH-S-000466,ASH-A-00208,2025-09,2515911,6576190,159848,0,50459
ASH-S-000467,ASH-A-00111,2025-07,6186548,838809,4992342,0,1092246
ASH-S-000468,ASH-A-00080,2025-09,3634778,1947541,4750960,0,941686
ASH-S-000469,ASH-A-00295,2025-05,4921206,4972954,3772734,0,108923
ASH-S-000470,ASH-A-00005,2025-09,1877459,7191766,4588927,0,322870
ASH-S-000471,ASH-A-00007,2025-10,3915827,846024,786146,0,308920
ASH-S-000472,ASH-A-00193,2026-02,6199127,6571820,1989421,0,1037889
ASH-S-000473,ASH-A-00118,2026-07,5616394,3963597,2149278,0,402051
ASH-S-000474,ASH-A-00001,2025-10,366487,2047958,1866407,1,1774170
ASH-S-000475,ASH-A-00132,2025-06,8310633,7181698,575754,0,1045078
ASH-S-000476,ASH-A-00282,2025-10,5464674,1925074,697693,0,330277
ASH-S-000477,ASH-A-00229,2026-02,5608357,1712229,673959,0,1570767
ASH-S-000478,ASH-A-00288,2026-02,8580841,1711924,2413586,0,659129
ASH-S-000479,ASH-A-00192,2026-06,845283,7808721,898688,0,1617896
ASH-S-000480,ASH-A-00009,2025-06,5039945,4971006,3200149,0,1561102
ASH-S-000481,ASH-A-00143,2026-01,7840737,7921196,735699,0,281194
ASH-S-000482,ASH-A-00226,2025-04,538294,7789138,1257704,0,2107320
ASH-S-000483,ASH-A-00237,2025-05,6147543,6507049,1761022,0,2026136
ASH-S-000484,ASH-A-00272,2026-06,3936748,8132431,63394,0,2051267
ASH-S-000485,ASH-A-00162,2025-10,3909750,327525,1107868,1,1253639
ASH-S-000486,ASH-A-00037,2025-09,8523215,5501146,3400528,0,1617771
ASH-S-000487,ASH-A-00025,2025-06,2978403,5635585,1727348,0,1664347
ASH-S-000488,ASH-A-00270,2025-12,2554648,7624314,1109748,0,1269370
ASH-S-000489,ASH-A-00023,2026-01,7069714,7250895,1652786,0,1877805
ASH-S-000490,ASH-A-00334,2025-11,3550776,2472846,3561724,1,876237
ASH-S-000491,ASH-A-00173,2025-07,6805763,8044075,3052822,0,1512125
ASH-S-000492,ASH-A-00309,2025-05,3735555,7294962,3777436,0,228599
ASH-S-000493,ASH-A-00208,2026-07,586832,4476539,3887014,1,2204944
ASH-S-000494,ASH-A-00201,2026-05,4001774,3018912,32633,0,1564058
ASH-S-000495,ASH-A-00120,2025-08,181106,5879229,-236935,0,617294
ASH-S-000496,ASH-A-00242,2025-07,7094890,1466064,2296194,0,1894802
ASH-S-000497,ASH-A-00219,2025-08,228219,5332585,1159371,0,1359177
ASH-S-000498,ASH-A-00210,2026-01,1049270,8007199,3745911,0,1953528
ASH-S-000499,ASH-A-00255,2025-10,5855756,4333006,881986,0,332854
ASH-S-000500,ASH-A-00300,2025-02,4127336,4416572,784489,0,2010082
ASH-S-000501,ASH-A-00107,2025-12,2265029,7701043,1280083,0,748464
ASH-S-000502,ASH-A-00089,2026-06,2550026,8149056,416437,0,324620
ASH-S-000503,ASH-A-00237,2025-11,8302442,7205858,4639765,0,2072841
ASH-S-000504,ASH-A-00054,2026-01,2837866,1019760,2020679,0,2288326
ASH-S-000505,ASH-A-00190,2025-05,4927778,4559730,4184598,0,2331375
ASH-S-000506,ASH-A-00119,2025-03,6368048,3008116,418769,0,2436760
ASH-S-000507,ASH-A-00004,2025-07,3085993,3200366,-201799,1,1743122
ASH-S-000508,ASH-A-00291,2026-04,313441,1664830,1782553,0,1677322
ASH-S-000509,ASH-A-00137,2026-02,1379096,1075860,3092533,0,309695
ASH-S-000510,ASH-A-00230,2026-02,404249,3684510,224318,0,823771
ASH-S-000511,ASH-A-00228,2025-03,5825078,240863,-174031,0,841665
ASH-S-000512,ASH-A-00106,2025-06,7013500,7758024,1089643,0,1182991
ASH-S-000513,ASH-A-00192,2026-05,3836028,1958047,3245765,0,1178688
ASH-S-000514,ASH-A-00227,2026-01,4134482,149412,4079271,0,2370645
ASH-S-000515,ASH-A-00016,2025-12,5534212,4423914,60577,0,1477142
ASH-S-000516,ASH-A-00315,2026-05,5533433,1884114,4613557,0,953157
ASH-S-000517,ASH-A-00065,2026-02,2730861,8335467,1061479,0,374932
ASH-S-000518,ASH-A-00081,2026-04,2057579,6563129,1414021,0,210311
ASH-S-000519,ASH-A-00152,2026-04,7281418,1058239,602255,0,1770690
ASH-S-000520,ASH-A-00231,2025-12,5635400,2939733,3355217,1,2329302
ASH-S-000521,ASH-A-00329,2025-10,6050972,3506190,4483441,0,2469473
ASH-S-000522,ASH-A-00191,2025-02,7674098,69572,3791829,1,1833889
ASH-S-000523,ASH-A-00154,2025-02,7104550,8367434,2598318,0,101018
ASH-S-000524,ASH-A-00086,2025-03,251623,1792796,4289938,1,730402
ASH-S-000525,ASH-A-00304,2025-03,2863406,3183427,202250,1,1265326
ASH-S-000526,ASH-A-00121,2026-06,626508,4749111,1723052,0,155101
ASH-S-000527,ASH-A-00299,2025-08,2988376,2691966,2473395,1,1047109
ASH-S-000528,ASH-A-00105,2025-06,190067,2874759,1602512,0,180863
ASH-S-000529,ASH-A-00078,2025-11,5639713,5832242,48111,0,958928
ASH-S-000530,ASH-A-00172,2025-09,5592335,620195,1446130,1,2446451
ASH-S-000531,ASH-A-00258,2026-04,4858772,3552198,4782659,0,1040134
ASH-S-000532,ASH-A-00098,2025-06,5021615,4192056,2856069,1,2493428
ASH-S-000533,ASH-A-00218,2025-05,201508,507151,2459333,0,2268069
ASH-S-000534,ASH-A-00330,2025-08,2134350,2179391,1810442,0,389441
ASH-S-000535,ASH-A-00082,2026-05,1045230,7514637,2346256,0,1657614
ASH-S-000536,ASH-A-00160,2026-05,2326423,1006936,539053,0,2092106
ASH-S-000537,ASH-A-00205,2025-07,1342551,8131889,3406962,0,1569002
ASH-S-000538,ASH-A-00142,2025-06,1180023,309770,2770644,0,1134919
ASH-S-000539,ASH-A-00328,2025-04,3488282,7578486,2418046,0,420156
ASH-S-000540,ASH-A-00300,2025-05,3113513,6695778,3294159,0,970831
ASH-S-000541,ASH-A-00051,2026-02,6327450,3954312,2912005,0,1786506
ASH-S-000542,ASH-A-00140,2026-02,5423575,2595788,3817250,0,1682024
ASH-S-000543,ASH-A-00128,2025-12,1806134,2440133,-236889,1,1795613
ASH-S-000544,ASH-A-00061,2026-01,3914745,503752,-412172,0,674122
ASH-S-000545,ASH-A-00337,2026-03,4586019,5351618,702834,0,811329
ASH-S-000546,ASH-A-00085,2025-04,1133518,5996330,1481659,1,1497408
ASH-S-000547,ASH-A-00005,2025-10,1658520,4605044,1310632,0,595415
ASH-S-000548,ASH-A-00051,2026-05,1842739,5084989,1544498,0,217070
ASH-S-000549,ASH-A-00264,2026-01,8218870,7794220,4899509,0,1965123
ASH-S-000550,ASH-A-00309,2025-05,6360747,4276521,651359,0,401849
ASH-S-000551,ASH-A-00256,2026-04,4043902,4327659,4820416,0,1357781
ASH-S-000552,ASH-A-00276,2025-05,3105480,184548,2087647,0,2036278
ASH-S-000553,ASH-A-00252,2025-03,7318061,8326290,4868774,0,2419967
ASH-S-000554,ASH-A-00101,2025-07,4013890,2914736,4490149,0,2351218
ASH-S-000555,ASH-A-00220,2025-11,1678449,6065713,4730059,1,705957
ASH-S-000556,ASH-A-00174,2026-02,4942643,7329416,1856339,0,2190053
ASH-S-000557,ASH-A-00170,2026-06,8526593,6087672,3973243,0,2281156
ASH-S-000558,ASH-A-00087,2025-10,7415722,8076589,682258,0,731005
ASH-S-000559,ASH-A-00009,2026-03,4544844,6735630,3595448,0,2461575
ASH-S-000560,ASH-A-00086,2025-11,5199459,3695731,4898978,1,1575449
ASH-S-000561,ASH-A-00041,2026-05,6653147,2891541,4209445,0,779935
ASH-S-000562,ASH-A-00179,2025-02,1863242,3136119,2508399,0,1711775
ASH-S-000563,ASH-A-00086,2025-09,7583142,2947414,4184459,0,2480371
ASH-S-000564,ASH-A-00128,2025-06,293278,1580681,972096,0,1040472
ASH-S-000565,ASH-A-00140,2025-04,4903005,2996064,4533014,0,66391
ASH-S-000566,ASH-A-00310,2026-07,7084579,6677252,978084,0,1869687
ASH-S-000567,ASH-A-00020,2025-05,6957137,6745752,-447931,0,1447350
ASH-S-000568,ASH-A-00026,2026-05,6141717,7279379,1179112,0,2011580
ASH-S-000569,ASH-A-00145,2026-06,739984,374791,1492795,0,219305
ASH-S-000570,ASH-A-00043,2026-04,3764377,4180657,2659955,0,2269653
ASH-S-000571,ASH-A-00317,2025-06,2336011,2749758,2048787,0,402780
ASH-S-000572,ASH-A-00044,2026-05,3807776,6474290,-401439,0,1771070
ASH-S-000573,ASH-A-00010,2026-03,2488640,7801067,3625634,0,1353732
ASH-S-000574,ASH-A-00204,2025-09,6794800,1920547,3056314,0,240237
ASH-S-000575,ASH-A-00242,2026-01,2257667,6618588,1910388,0,2215036
ASH-S-000576,ASH-A-00181,2025-02,327050,5522064,1464860,0,848379
ASH-S-000577,ASH-A-00138,2026-01,1592159,7520708,3120281,0,945042
ASH-S-000578,ASH-A-00344,2025-05,3529160,3385703,2992404,0,1096220
ASH-S-000579,ASH-A-00144,2025-04,7382666,5087633,701058,1,425830
ASH-S-000580,ASH-A-00199,2025-11,4710877,4886896,525630,1,834715
ASH-S-000581,ASH-A-00235,2025-06,7863319,7943082,2807812,0,2009042
ASH-S-000582,ASH-A-00215,2025-03,7159814,3556845,1655606,0,765229
ASH-S-000583,ASH-A-00319,2025-03,4734724,7250159,132684,0,1436822
ASH-S-000584,ASH-A-00051,2026-03,7485132,391732,275972,0,2083723
ASH-S-000585,ASH-A-00317,2026-05,3247297,2952988,2064734,0,182706
ASH-S-000586,ASH-A-00086,2025-09,3757442,7530832,2130775,0,1131217
ASH-S-000587,ASH-A-00039,2026-02,2902234,3734617,1803752,0,1416103
ASH-S-000588,ASH-A-00100,2026-03,6601659,4347055,3313425,0,55215
ASH-S-000589,ASH-A-00084,2025-11,5002802,6262924,1440746,0,583845
ASH-S-000590,ASH-A-00214,2026-04,775624,4772283,3472601,0,2173076
ASH-S-000591,ASH-A-00222,2025-09,1140643,262801,-423049,0,962679
ASH-S-000592,ASH-A-00256,2025-10,5330468,8141732,1797449,0,1649196
ASH-S-000593,ASH-A-00142,2025-08,5470302,328493,-177359,0,934317
ASH-S-000594,ASH-A-00244,2026-03,1382794,4453118,3134796,0,2059876
ASH-S-000595,ASH-A-00331,2026-06,6968141,1634763,2012895,0,2128915
ASH-S-000596,ASH-A-00267,2025-08,4707279,3621445,3383899,0,1583604
ASH-S-000597,ASH-A-00042,2026-04,7652769,5955559,3036622,0,1746835
ASH-S-000598,ASH-A-00239,2025-05,6584517,3983185,2940106,0,291620
ASH-S-000599,ASH-A-00188,2026-07,5061736,1521763,3907606,0,2180674
ASH-S-000600,ASH-A-00311,2026-04,643010,1063453,801183,0,710185
ASH-S-000601,ASH-A-00295,2025-05,266109,5228480,2356169,0,1915984
ASH-S-000602,ASH-A-00332,2026-04,6540213,402823,1983165,2,1533962
ASH-S-000603,ASH-A-00210,2026-01,638114,5721654,-143775,0,1050097
ASH-S-000604,ASH-A-00227,2025-09,7207058,4181274,1322295,0,2036045
ASH-S-000605,ASH-A-00330,2026-01,3619830,433346,2943624,0,514334
ASH-S-000606,ASH-A-00280,2025-05,3150841,3137109,3078497,0,2003866
ASH-S-000607,ASH-A-00294,2026-06,4797908,1423690,4703192,0,2157067
ASH-S-000608,ASH-A-00231,2026-03,8587167,7289435,2310664,0,1391982
ASH-S-000609,ASH-A-00346,2026-05,863342,6556319,3498754,0,2411830
ASH-S-000610,ASH-A-00212,2025-07,5191680,2898033,3870445,0,2122733
ASH-S-000611,ASH-A-00246,2025-12,483834,5343356,4899251,0,101885
ASH-S-000612,ASH-A-00343,2026-06,5158183,2376100,716007,0,1920133
ASH-S-000613,ASH-A-00030,2025-08,7169840,1364420,4122336,1,1867161
ASH-S-000614,ASH-A-00015,2025-12,6635766,3514978,1117151,0,302461
ASH-S-000615,ASH-A-00205,2025-06,328806,8021905,1157742,1,2443604
ASH-S-000616,ASH-A-00297,2025-06,8619102,1403722,4303407,0,679990
ASH-S-000617,ASH-A-00251,2025-05,2662323,7084277,2258330,2,865946
ASH-S-000618,ASH-A-00119,2026-02,1597281,7736266,-399033,0,1301681
ASH-S-000619,ASH-A-00312,2025-08,2959233,6858549,4476732,0,136697
ASH-S-000620,ASH-A-00105,2026-05,4012873,1521262,1541500,1,1278721
ASH-S-000621,ASH-A-00327,2026-05,403425,1955065,1917910,0,2382217
ASH-S-000622,ASH-A-00312,2025-12,7623726,509361,2740870,0,276377
ASH-S-000623,ASH-A-00315,2025-10,7448372,3245169,-433292,0,2235086
ASH-S-000624,ASH-A-00083,2025-09,3972318,4722993,1608209,0,625296
ASH-S-000625,ASH-A-00347,2025-04,7896646,1933109,3025276,0,33405
ASH-S-000626,ASH-A-00197,2026-06,6403419,4607956,1410542,0,1451749
ASH-S-000627,ASH-A-00330,2026-03,949144,1787317,2734430,0,1069471
ASH-S-000628,ASH-A-00297,2026-07,2460969,1622858,2306224,0,1892270
ASH-S-000629,ASH-A-00023,2025-05,8065182,972667,4575422,2,1739170
ASH-S-000630,ASH-A-00322,2025-09,793556,7547110,-47984,0,2162422
ASH-S-000631,ASH-A-00322,2026-04,607567,1160417,3360622,0,640079
ASH-S-000632,ASH-A-00270,2025-06,7036154,2976773,2032880,0,2218625
ASH-S-000633,ASH-A-00167,2025-03,402802,7737980,785685,0,2440404
ASH-S-000634,ASH-A-00173,2026-04,3164503,7893729,4846113,0,325671
ASH-S-000635,ASH-A-00214,2026-04,116611,7156466,4518877,0,1624297
ASH-S-000636,ASH-A-00056,2025-06,8003004,6873974,2837605,0,2348195
ASH-S-000637,ASH-A-00016,2026-03,2319236,340902,1564169,0,1923816
ASH-S-000638,ASH-A-00029,2026-06,3019875,7127892,1182576,0,1119655
ASH-S-000639,ASH-A-00143,2025-09,3743171,5530438,4540065,0,781250
ASH-S-000640,ASH-A-00328,2025-08,5683722,8189449,-400762,0,55936
ASH-S-000641,ASH-A-00151,2026-07,2472501,5063915,911523,0,1578397
ASH-S-000642,ASH-A-00110,2025-12,391508,1570365,860385,1,1933211
ASH-S-000643,ASH-A-00186,2025-08,230238,3124184,4174804,1,2400234
ASH-S-000644,ASH-A-00231,2025-12,1066479,4253055,4667427,0,1892652
ASH-S-000645,ASH-A-00000,2025-05,5006528,4124835,2699357,0,1303266
ASH-S-000646,ASH-A-00021,2025-11,6033559,3789673,3114439,0,342017
ASH-S-000647,ASH-A-00272,2026-01,6240874,4730464,-313532,2,1688173
ASH-S-000648,ASH-A-00139,2026-03,2544073,2054080,2505123,1,2400566
ASH-S-000649,ASH-A-00231,2026-03,4253662,6258152,1868990,1,1687997
ASH-S-000650,ASH-A-00210,2025-06,3394934,2193610,1486267,0,1608698
ASH-S-000651,ASH-A-00206,2026-02,8954133,6900953,1929880,0,552523
ASH-S-000652,ASH-A-00190,2026-05,5287848,8190270,1011124,0,221802
ASH-S-000653,ASH-A-00131,2025-07,8878556,6551970,1097856,0,1732722
ASH-S-000654,ASH-A-00288,2026-06,2241087,245885,2769813,0,314806
ASH-S-000655,ASH-A-00232,2026-04,6928147,3028237,1136653,1,1591065
ASH-S-000656,ASH-A-00312,2026-05,2669058,4219882,1356371,0,2328804
ASH-S-000657,ASH-A-00244,2025-12,8716371,7844482,3705986,0,795555
ASH-S-000658,ASH-A-00190,2026-01,287321,5111751,568528,0,2212814
ASH-S-000659,ASH-A-00088,2025-03,8858800,4278944,4650346,0,411166
ASH-S-000660,ASH-A-00167,2025-07,8936360,3240949,4578891,0,538711
ASH-S-000661,ASH-A-00206,2025-02,572091,134138,107830,0,218332
ASH-S-000662,ASH-A-00334,2026-07,7905067,6752367,781398,0,292439
ASH-S-000663,ASH-A-00156,2026-06,3885556,626326,1934413,0,2375683
ASH-S-000664,ASH-A-00036,2025-07,5121872,2043214,-310056,0,2421354
ASH-S-000665,ASH-A-00253,2025-10,2635266,7946588,660611,0,2275537
ASH-S-000666,ASH-A-00222,2026-06,5569924,6498163,2042445,0,578044
ASH-S-000667,ASH-A-00151,2025-02,5608202,2598924,16500,0,989505
ASH-S-000668,ASH-A-00172,2025-08,599762,8188213,3128799,0,439097
ASH-S-000669,ASH-A-00318,2025-08,6802274,2158869,4317959,1,2296730
ASH-S-000670,ASH-A-00017,2026-06,6287931,6809444,4029081,0,28093
ASH-S-000671,ASH-A-00043,2026-02,6195217,4187277,4817605,1,1891438
ASH-S-000672,ASH-A-00315,2025-12,6942554,1746177,3964020,0,1407565
ASH-S-000673,ASH-A-00245,2025-06,4951762,172869,2147281,0,1299134
ASH-S-000674,ASH-A-00251,2025-08,2101922,2800840,2217473,0,314265
ASH-S-000675,ASH-A-00336,2025-07,8169333,5357381,2944904,0,227389
ASH-S-000676,ASH-A-00254,2026-02,8399285,3355872,4938536,0,2091754
ASH-S-000677,ASH-A-00179,2025-03,3867552,7090386,272770,0,762200
ASH-S-000678,ASH-A-00023,2025-06,5675636,1250891,4505874,0,2041214
ASH-S-000679,ASH-A-00099,2025-07,7791175,736369,1142806,0,781116
ASH-S-000680,ASH-A-00150,2025-10,4694769,7585486,1954268,0,10358
ASH-S-000681,ASH-A-00138,2026-02,7315206,490716,3273966,0,2252044
ASH-S-000682,ASH-A-00212,2025-05,3863139,5348400,101038,1,31551
ASH-S-000683,ASH-A-00240,2025-12,5471404,1338697,4652797,0,1986427
ASH-S-000684,ASH-A-00322,2025-03,6074162,1567070,3604392,0,708178
ASH-S-000685,ASH-A-00275,2026-05,5903594,1376290,1798017,0,817762
ASH-S-000686,ASH-A-00130,2025-03,1311020,5999432,3818824,0,1462557
ASH-S-000687,ASH-A-00278,2025-04,1681153,5444831,3340742,0,1655847
ASH-S-000688,ASH-A-00342,2025-11,4255452,2022483,2891783,0,2073165
ASH-S-000689,ASH-A-00242,2025-02,928565,4842453,-355143,0,62854
ASH-S-000690,ASH-A-00159,2025-10,5310435,2026787,4076293,0,87070
ASH-S-000691,ASH-A-00127,2026-05,2590061,3049885,233125,0,111223
ASH-S-000692,ASH-A-00348,2025-07,6499280,6664455,894850,0,177376
ASH-S-000693,ASH-A-00122,2026-03,6316875,6759816,1887915,0,98255
ASH-S-000694,ASH-A-00337,2026-01,288835,2602616,2836171,0,1427448
ASH-S-000695,ASH-A-00046,2025-12,4819304,7397169,4585791,0,864479
ASH-S-000696,ASH-A-00121,2025-10,7084884,2277128,1228455,0,806387
ASH-S-000697,ASH-A-00309,2026-02,5112846,4483264,-276650,0,2137471
ASH-S-000698,ASH-A-00027,2026-01,8256913,774231,3791188,0,2352053
ASH-S-000699,ASH-A-00247,2025-03,2901719,748306,535531,0,398629
ASH-S-000700,ASH-A-00276,2026-07,4813649,3790545,211532,0,619262
ASH-S-000701,ASH-A-00199,2025-11,1762083,1674782,2362580,0,2331735
ASH-S-000702,ASH-A-00173,2026-04,869295,5813078,917421,0,1020696
ASH-S-000703,ASH-A-00095,2026-07,2081603,1929625,4532829,0,145679
ASH-S-000704,ASH-A-00151,2026-01,2746440,2521889,-298255,0,1982932
ASH-S-000705,ASH-A-00347,2025-02,8066773,8069561,1837043,0,1178180
ASH-S-000706,ASH-A-00151,2026-02,1031354,2368320,4923511,1,345243
ASH-S-000707,ASH-A-00227,2025-03,4933236,6609850,165964,0,2410378
ASH-S-000708,ASH-A-00173,2025-08,4648424,7126975,3626172,0,1722006
ASH-S-000709,ASH-A-00067,2025-12,3096576,4224057,2290699,0,2426833
ASH-S-000710,ASH-A-00192,2025-02,6175197,3953809,-335836,0,1622153
ASH-S-000711,ASH-A-00037,2026-03,5133412,335882,638336,0,2340036
ASH-S-000712,ASH-A-00229,2025-02,3705251,6573948,3886378,0,1396821
ASH-S-000713,ASH-A-00026,2025-12,4047879,756757,2873789,0,1830213
ASH-S-000714,ASH-A-00004,2025-11,818479,2228718,4003527,1,377966
ASH-S-000715,ASH-A-00331,2026-06,7276331,4522435,-382772,0,2475279
ASH-S-000716,ASH-A-00061,2025-02,3709844,794871,4519119,0,701677
ASH-S-000717,ASH-A-00030,2025-08,563393,2461866,2610470,0,1110133
ASH-S-000718,ASH-A-00173,2025-06,3435963,7778660,2662403,0,1547917
ASH-S-000719,ASH-A-00118,2025-05,3211852,6643768,-100531,0,2247435
ASH-S-000720,ASH-A-00220,2025-03,2312174,7835711,2476088,1,2077777
ASH-S-000721,ASH-A-00151,2026-07,5476907,4384991,1843062,2,2486886
ASH-S-000722,ASH-A-00070,2025-03,5432313,4855431,4221086,2,1190763
ASH-S-000723,ASH-A-00146,2025-10,3857038,1579394,593171,0,2363255
ASH-S-000724,ASH-A-00061,2026-04,6611196,5896135,4828535,0,896513
ASH-S-000725,ASH-A-00145,2025-09,5619355,6739628,2956986,0,714114
ASH-S-000726,ASH-A-00305,2026-07,6304257,2566651,584717,0,2086354
ASH-S-000727,ASH-A-00026,2025-10,6915058,6433432,-348736,0,1722906
ASH-S-000728,ASH-A-00052,2025-12,2421088,5254174,4094618,0,1887559
ASH-S-000729,ASH-A-00005,2025-09,7611455,2648109,3086631,1,1713327
ASH-S-000730,ASH-A-00008,2025-05,3380755,5987716,77541,0,1541616
ASH-S-000731,ASH-A-00013,2025-04,6362376,3399467,-413359,0,976365
ASH-S-000732,ASH-A-00347,2026-06,1592736,7159454,3719561,0,1335540
ASH-S-000733,ASH-A-00216,2025-03,5899361,7442607,4348968,0,550849
ASH-S-000734,ASH-A-00091,2025-08,5150445,1319185,1304803,0,1379009
ASH-S-000735,ASH-A-00157,2026-01,4531805,1009832,2698883,2,1542459
ASH-S-000736,ASH-A-00109,2025-04,5446594,7903990,4444959,0,1940365
ASH-S-000737,ASH-A-00063,2026-04,1421370,6734976,3196756,2,1269735
ASH-S-000738,ASH-A-00207,2026-05,3683881,7268921,2319060,0,526131
ASH-S-000739,ASH-A-00283,2025-08,3348340,5466778,4644176,0,2356990
ASH-S-000740,ASH-A-00235,2025-12,196024,6338962,3481802,0,789030
ASH-S-000741,ASH-A-00124,2026-07,8104017,8013202,294087,0,1034922
ASH-S-000742,ASH-A-00003,2026-06,1762110,3173995,925248,0,1519449
ASH-S-000743,ASH-A-00221,2026-02,4138333,3700888,1140930,1,612538
ASH-S-000744,ASH-A-00309,2026-02,3648537,2295755,1314403,0,1708158
ASH-S-000745,ASH-A-00148,2025-08,749715,3181288,4253249,1,1361237
ASH-S-000746,ASH-A-00122,2025-06,6703361,7780695,2704637,0,793628
ASH-S-000747,ASH-A-00132,2025-06,7450164,8002296,1536062,0,678797
ASH-S-000748,ASH-A-00114,2026-03,5753177,2420409,-57966,0,774877
ASH-S-000749,ASH-A-00011,2026-04,1655728,4277157,-448885,0,802299
ASH-S-000750,ASH-A-00116,2025-06,8741501,4739170,2010673,0,1255382
ASH-S-000751,ASH-A-00253,2026-07,1264506,2565690,4651178,0,2036987
ASH-S-000752,ASH-A-00169,2025-10,1491026,5567216,1804262,0,541995
ASH-S-000753,ASH-A-00199,2025-03,7505018,5489232,3210935,0,301252
ASH-S-000754,ASH-A-00103,2026-04,3790067,2145694,-202919,0,1659819
ASH-S-000755,ASH-A-00145,2025-08,3660997,2655862,1096062,0,1824019
ASH-S-000756,ASH-A-00320,2025-06,2232197,8327193,3319843,0,925800
ASH-S-000757,ASH-A-00104,2025-04,7028577,626565,2892237,0,1262996
ASH-S-000758,ASH-A-00244,2025-03,7511465,117864,1289255,0,229613
ASH-S-000759,ASH-A-00121,2025-11,659706,5681341,4703647,0,2121510
ASH-S-000760,ASH-A-00155,2025-05,4906200,1482948,-134643,0,1257852
ASH-S-000761,ASH-A-00027,2025-05,8402488,4594019,-294789,0,1831707
ASH-S-000762,ASH-A-00242,2025-11,8574968,2861870,3140556,0,587639
ASH-S-000763,ASH-A-00190,2026-04,120606,7269168,891347,0,177813
ASH-S-000764,ASH-A-00125,2025-12,3282942,6046616,4870833,0,1702569
ASH-S-000765,ASH-A-00134,2025-12,1270742,4803330,4362348,0,1331462
ASH-S-000766,ASH-A-00304,2026-02,3584186,1813004,3934881,1,2472369
ASH-S-000767,ASH-A-00292,2026-07,8206971,4720649,4567703,0,1090819
ASH-S-000768,ASH-A-00306,2026-03,7248054,636829,4493216,0,1331180
ASH-S-000769,ASH-A-00160,2025-02,4812779,3541895,748920,0,1840891
ASH-S-000770,ASH-A-00151,2025-07,2220084,2271036,1415892,2,1089026
ASH-S-000771,ASH-A-00195,2025-04,2273827,1751886,866579,0,2466703
ASH-S-000772,ASH-A-00273,2026-06,1332080,1810356,2314417,0,2368813
ASH-S-000773,ASH-A-00173,2025-08,4299097,333194,-415743,0,775261
ASH-S-000774,ASH-A-00230,2026-01,2820542,2366375,1169911,0,2237404
ASH-S-000775,ASH-A-00155,2026-02,5116037,2956166,4893333,0,1678039
ASH-S-000776,ASH-A-00236,2026-03,8329276,1137331,3856642,0,2217694
ASH-S-000777,ASH-A-00072,2025-05,3519824,7613962,3961229,0,2036179
ASH-S-000778,ASH-A-00029,2025-10,4947457,1190659,2804216,0,1622372
ASH-S-000779,ASH-A-00039,2025-07,4365200,6268876,2912271,0,2421533
ASH-S-000780,ASH-A-00306,2026-03,4626937,6626854,-244468,0,1371333
ASH-S-000781,ASH-A-00263,2026-01,7526110,4578767,4309436,0,1632443
ASH-S-000782,ASH-A-00098,2026-07,4130722,122198,4758448,1,1875517
ASH-S-000783,ASH-A-00078,2025-07,6706521,2062028,-24738,0,258948
ASH-S-000784,ASH-A-00293,2025-05,7079133,1463817,2772828,0,41075
ASH-S-000785,ASH-A-00050,2025-12,5493194,6038202,2223079,0,2134697
ASH-S-000786,ASH-A-00208,2025-09,5625607,8436230,3935048,1,1362552
ASH-S-000787,ASH-A-00167,2025-11,8360100,5966671,387821,2,732040
ASH-S-000788,ASH-A-00130,2026-02,7310198,4666976,-402010,0,1630741
ASH-S-000789,ASH-A-00268,2026-01,5743627,7021284,4003969,1,1231256
ASH-S-000790,ASH-A-00349,2025-03,6076400,1256066,3028950,0,1081032
ASH-S-000791,ASH-A-00166,2025-05,2662118,2998111,1703253,1,1100569
ASH-S-000792,ASH-A-00035,2026-03,8004037,5027836,-408575,0,856060
ASH-S-000793,ASH-A-00103,2026-03,6900540,7203748,-307490,0,988871
ASH-S-000794,ASH-A-00162,2026-02,782907,1125738,3346980,0,1038235
ASH-S-000795,ASH-A-00209,2025-07,844736,5064627,1796311,0,899866
ASH-S-000796,ASH-A-00262,2026-06,6978996,1079436,1004236,0,1405799
ASH-S-000797,ASH-A-00024,2026-04,3827003,569973,4656257,0,1175920
ASH-S-000798,ASH-A-00035,2025-07,4594997,263272,4447955,0,287719
ASH-S-000799,ASH-A-00310,2026-02,8213442,8230146,681870,0,1421951
ASH-S-000800,ASH-A-00078,2026-04,4588476,1897371,1309467,0,1143727
ASH-S-000801,ASH-A-00269,2025-02,5093436,5391349,-95688,0,1494521
ASH-S-000802,ASH-A-00193,2026-07,8336789,5078990,3823487,2,69394
ASH-S-000803,ASH-A-00293,2025-10,8439505,3797494,4356984,0,89014
ASH-S-000804,ASH-A-00172,2026-05,837615,2414779,3175526,0,1062664
ASH-S-000805,ASH-A-00138,2025-06,823148,3973592,305169,0,2234852
ASH-S-000806,ASH-A-00307,2025-05,5652108,4763772,4671447,0,83661
ASH-S-000807,ASH-A-00239,2025-07,5317492,2636390,-107166,0,2373579
ASH-S-000808,ASH-A-00225,2026-07,7794773,7964836,1946648,0,1940536
ASH-S-000809,ASH-A-00185,2026-05,6208711,1967213,2140088,0,1794092
ASH-S-000810,ASH-A-00136,2026-07,8849129,2727022,1240024,0,2199352
ASH-S-000811,ASH-A-00066,2026-05,5448709,6711021,3864285,0,1169530
ASH-S-000812,ASH-A-00054,2026-04,7131206,2730488,1602630,0,931837
ASH-S-000813,ASH-A-00086,2026-01,602240,6109771,4152293,0,1184199
ASH-S-000814,ASH-A-00084,2026-01,7126262,8122552,2003966,1,889910
ASH-S-000815,ASH-A-00050,2026-01,3309107,101739,2770798,0,2486130
ASH-S-000816,ASH-A-00109,2026-07,1530419,6293246,324039,2,2231433
ASH-S-000817,ASH-A-00046,2026-02,8479559,2569558,2023809,0,1610063
ASH-S-000818,ASH-A-00185,2025-10,5321357,7011127,4774907,0,108161
ASH-S-000819,ASH-A-00215,2025-06,4032151,2300052,3410170,0,933013
ASH-S-000820,ASH-A-00334,2026-02,2077279,7614947,4790143,0,2439640
ASH-S-000821,ASH-A-00013,2025-06,2953313,3885188,3505449,0,2414212
ASH-S-000822,ASH-A-00028,2025-03,7267582,5367613,1837847,1,2283953
ASH-S-000823,ASH-A-00321,2026-06,7596545,993296,4182098,0,1964610
ASH-S-000824,ASH-A-00228,2026-05,5498382,4413521,142246,0,1877178
ASH-S-000825,ASH-A-00215,2026-02,5347378,5325940,1248903,0,334613
ASH-S-000826,ASH-A-00278,2026-04,747591,7650566,1312706,0,288119
ASH-S-000827,ASH-A-00180,2026-05,1167196,5435513,3694916,0,2349693
ASH-S-000828,ASH-A-00297,2025-09,6280756,6613290,956335,0,2316565
ASH-S-000829,ASH-A-00107,2026-03,4502047,7497237,2997926,0,105857
ASH-S-000830,ASH-A-00079,2025-02,8116062,6747292,214994,0,1684148
ASH-S-000831,ASH-A-00348,2025-05,3106722,1981264,4848216,0,126842
ASH-S-000832,ASH-A-00323,2025-10,1560014,1733834,847602,1,2275009
ASH-S-000833,ASH-A-00267,2026-06,6572221,1709056,3834427,0,121370
ASH-S-000834,ASH-A-00332,2026-02,198159,6800917,2804980,0,163712
ASH-S-000835,ASH-A-00060,2025-03,7708291,2273840,1390847,0,625449
ASH-S-000836,ASH-A-00301,2026-04,2495558,6563221,4191242,0,978749
ASH-S-000837,ASH-A-00114,2025-09,8659547,7385920,2098359,0,1914723
ASH-S-000838,ASH-A-00023,2025-08,5384667,802202,3079281,0,1940393
ASH-S-000839,ASH-A-00261,2026-05,7021836,3839679,1152298,0,1881041
ASH-S-000840,ASH-A-00006,2026-02,7499877,4021530,401958,0,924443
ASH-S-000841,ASH-A-00051,2025-10,5604227,5768676,4852654,0,1345012
ASH-S-000842,ASH-A-00225,2026-07,629194,6057458,615171,0,2211160
ASH-S-000843,ASH-A-00244,2026-06,3815341,4654414,1900124,0,1315181
ASH-S-000844,ASH-A-00188,2026-03,3590407,1816081,190469,0,1304231
ASH-S-000845,ASH-A-00247,2025-03,1798032,2616585,1452718,2,1363519
ASH-S-000846,ASH-A-00025,2025-07,6800891,7508573,504882,0,1660642
ASH-S-000847,ASH-A-00273,2026-05,1332381,688717,4438707,0,1898838
ASH-S-000848,ASH-A-00316,2026-01,976520,2444438,1497170,0,1278999
ASH-S-000849,ASH-A-00321,2025-09,6072158,7212994,3848139,0,1738110
ASH-S-000850,ASH-A-00242,2026-04,5003181,475063,1495339,0,1785274
ASH-S-000851,ASH-A-00218,2025-09,443209,1173900,3173932,0,575025
ASH-S-000852,ASH-A-00313,2025-10,8129135,3727999,3732636,0,883726
ASH-S-000853,ASH-A-00060,2025-11,8438735,6201324,3350089,0,681788
ASH-S-000854,ASH-A-00307,2026-07,2551319,7428255,1508919,0,1660470
ASH-S-000855,ASH-A-00286,2025-07,713270,2353531,4289017,0,1400104
ASH-S-000856,ASH-A-00286,2025-11,5185303,2806051,1452273,0,1268651
ASH-S-000857,ASH-A-00046,2025-11,6335356,1217167,4163652,0,1076567
ASH-S-000858,ASH-A-00275,2025-08,7342193,6587363,-248959,1,879495
ASH-S-000859,ASH-A-00153,2025-09,6527495,7961107,1685807,0,523096
ASH-S-000860,ASH-A-00176,2026-06,6065046,4815257,240643,1,2052861
ASH-S-000861,ASH-A-00137,2026-05,2007778,7185196,83867,0,1422096
ASH-S-000862,ASH-A-00006,2025-06,2858052,1350546,3858559,0,1706551
ASH-S-000863,ASH-A-00289,2026-04,1284692,4869679,379481,0,1267669
ASH-S-000864,ASH-A-00140,2026-07,8124888,6546138,41351,0,1080157
ASH-S-000865,ASH-A-00287,2025-07,8248044,7605527,1964254,0,548806
ASH-S-000866,ASH-A-00302,2025-05,6875914,4902164,4892888,2,854239
ASH-S-000867,ASH-A-00014,2025-06,7206162,5896472,-201948,0,2464265
ASH-S-000868,ASH-A-00196,2025-07,2035804,3224310,3036440,0,1938036
ASH-S-000869,ASH-A-00063,2026-05,6414303,7030729,3021733,0,336985
ASH-S-000870,ASH-A-00000,2025-05,5338777,6672845,1567546,0,144518
ASH-S-000871,ASH-A-00068,2025-05,2322098,3754011,1803724,0,2292615
ASH-S-000872,ASH-A-00020,2025-04,3582357,7403691,3101541,0,1775701
ASH-S-000873,ASH-A-00249,2025-11,350874,1633490,3529161,1,312689
ASH-S-000874,ASH-A-00167,2025-06,5187472,4691823,2935687,0,1242142
ASH-S-000875,ASH-A-00013,2026-06,2834895,3604837,1607836,0,1479943
ASH-S-000876,ASH-A-00032,2026-01,5181036,6694598,2574063,0,1298363
ASH-S-000877,ASH-A-00071,2025-11,961584,1906226,4160257,0,2063599
ASH-S-000878,ASH-A-00065,2025-11,3740541,1175422,4311471,0,1506125
ASH-S-000879,ASH-A-00329,2025-11,5697936,6032940,4437604,0,776331
ASH-S-000880,ASH-A-00248,2026-07,7439688,6362010,1753756,0,1262547
ASH-S-000881,ASH-A-00311,2025-03,521673,3689446,4143376,0,760363
ASH-S-000882,ASH-A-00171,2025-11,1146122,3554463,1824035,0,1082978
ASH-S-000883,ASH-A-00281,2025-12,8151705,2420249,1064713,0,2257910
ASH-S-000884,ASH-A-00117,2026-04,93314,5104742,3482763,0,989056
ASH-S-000885,ASH-A-00033,2025-08,6139883,4690399,2720646,0,361029
ASH-S-000886,ASH-A-00191,2026-07,8170002,4965837,4417570,0,634183
ASH-S-000887,ASH-A-00183,2025-04,2000264,4434061,4485523,0,2178701
ASH-S-000888,ASH-A-00238,2026-05,5395276,3644557,82908,0,43878
ASH-S-000889,ASH-A-00148,2025-02,5486133,4848467,1595647,0,1836395
ASH-S-000890,ASH-A-00217,2025-04,8700683,3320134,-15743,0,1578568
ASH-S-000891,ASH-A-00257,2025-03,1082850,1736132,4045568,0,1030091
ASH-S-000892,ASH-A-00043,2025-10,3538294,1474449,2272711,0,282306
ASH-S-000893,ASH-A-00128,2025-08,7346785,8136234,4036736,0,445724
ASH-S-000894,ASH-A-00007,2026-02,1382184,7712215,366360,0,1710325
ASH-S-000895,ASH-A-00323,2026-03,5450110,7160867,2076584,0,1914807
ASH-S-000896,ASH-A-00027,2025-12,118580,2455583,3138761,0,840147
ASH-S-000897,ASH-A-00125,2025-04,6325951,4477071,1053287,0,832821
ASH-S-000898,ASH-A-00006,2025-12,637680,945733,1099260,0,786027
ASH-S-000899,ASH-A-00257,2026-01,5704404,5682669,-291734,0,589256
ASH-S-000900,ASH-A-00086,2025-09,1683506,1667888,1976623,0,124540
ASH-S-000901,ASH-A-00206,2025-12,8139768,675190,414838,0,1084138
ASH-S-000902,ASH-A-00163,2026-05,2456786,380332,350679,2,1695251
ASH-S-000903,ASH-A-00217,2025-08,3532862,2419707,629823,0,583068
ASH-S-000904,ASH-A-00142,2025-03,608602,5420590,1497056,1,2472501
ASH-S-000905,ASH-A-00066,2025-06,3034480,851742,2674238,0,125474
ASH-S-000906,ASH-A-00048,2026-07,857742,1327110,505225,0,1083850
ASH-S-000907,ASH-A-00273,2025-10,3587711,3811841,4380798,0,965566
ASH-S-000908,ASH-A-00328,2025-06,6180484,3105659,3887104,0,499658
ASH-S-000909,ASH-A-00109,2025-06,4161174,4324147,2364672,0,1736880
ASH-S-000910,ASH-A-00347,2025-09,5671117,2177962,1366790,0,2109657
ASH-S-000911,ASH-A-00204,2025-09,5078755,7487582,3141975,0,736716
ASH-S-000912,ASH-A-00135,2026-05,8669914,7275015,3152057,0,739253
ASH-S-000913,ASH-A-00027,2026-05,6062910,4212649,3218048,0,1996227
ASH-S-000914,ASH-A-00320,2025-08,4722723,6108575,1037693,0,983302
ASH-S-000915,ASH-A-00182,2025-12,1625435,5673796,1039511,2,1705690
ASH-S-000916,ASH-A-00189,2025-10,1192928,4548091,3643013,0,1646142
ASH-S-000917,ASH-A-00080,2025-11,4212031,1076341,4747485,1,1756881
ASH-S-000918,ASH-A-00153,2025-04,4552823,7991135,2649371,0,1705840
ASH-S-000919,ASH-A-00297,2025-11,2751838,4900958,3253834,0,1145796
ASH-S-000920,ASH-A-00201,2026-01,5411476,3974547,2385885,0,2445046
ASH-S-000921,ASH-A-00208,2025-05,5768883,4251647,842650,0,1638469
ASH-S-000922,ASH-A-00252,2026-05,2608906,5056426,416188,0,353078
ASH-S-000923,ASH-A-00080,2026-06,7758370,7078710,1198493,0,2304503
ASH-S-000924,ASH-A-00114,2025-10,4634233,3625200,1954336,0,1387927
ASH-S-000925,ASH-A-00256,2026-01,4213084,498459,3014149,0,1659604
ASH-S-000926,ASH-A-00275,2025-06,5046644,7951816,4501272,0,2301679
ASH-S-000927,ASH-A-00336,2025-04,7047251,1673657,2523632,1,2107542
ASH-S-000928,ASH-A-00042,2025-04,6684374,3360652,3424736,0,1036946
ASH-S-000929,ASH-A-00011,2026-02,3573339,8012128,647219,0,1987741
ASH-S-000930,ASH-A-00085,2025-02,1680862,4654770,4048856,0,2031543
ASH-S-000931,ASH-A-00283,2025-02,2427769,6546029,1857693,0,504192
ASH-S-000932,ASH-A-00067,2025-05,4869475,6741222,1198020,0,1259274
ASH-S-000933,ASH-A-00226,2025-12,3166060,5484321,4939213,0,614608
ASH-S-000934,ASH-A-00296,2026-06,2838975,6579633,2037538,0,1710620
ASH-S-000935,ASH-A-00105,2025-07,1906783,7777678,713454,0,2464000
ASH-S-000936,ASH-A-00301,2026-06,5122815,250390,1355493,0,2411899
ASH-S-000937,ASH-A-00134,2026-03,1420899,1902764,1072717,0,1617541
ASH-S-000938,ASH-A-00149,2026-04,7800280,1543629,4754475,0,117268
ASH-S-000939,ASH-A-00210,2026-07,3841391,3724996,2306803,0,475305
ASH-S-000940,ASH-A-00016,2025-04,6616896,1862479,974454,0,2405867
ASH-S-000941,ASH-A-00014,2025-05,6813570,4202269,4312099,0,2464092
ASH-S-000942,ASH-A-00017,2025-04,3346312,3858720,1493001,0,1150418
ASH-S-000943,ASH-A-00110,2026-02,7114050,8147141,1270658,1,1157695
ASH-S-000944,ASH-A-00273,2025-04,4801894,824881,4275737,0,1122758
ASH-S-000945,ASH-A-00045,2025-03,1273846,7344002,3690816,0,168113
ASH-S-000946,ASH-A-00037,2025-08,1609090,1800292,2909274,0,1196676
ASH-S-000947,ASH-A-00296,2026-06,1473146,478009,-51033,0,687588
ASH-S-000948,ASH-A-00019,2025-06,8965831,7059942,3047997,1,1705330
ASH-S-000949,ASH-A-00278,2025-03,1293893,723631,1617354,0,521679
ASH-S-000950,ASH-A-00102,2025-08,8501225,5581828,2086408,0,664044
ASH-S-000951,ASH-A-00030,2025-07,5436151,3373194,176521,0,2015109
ASH-S-000952,ASH-A-00289,2026-07,1693437,8208080,4513357,0,2289793
ASH-S-000953,ASH-A-00195,2025-03,1419450,5494567,3581165,0,372431
ASH-S-000954,ASH-A-00253,2025-05,3490441,2328809,370079,0,1307873
ASH-S-000955,ASH-A-00008,2025-05,5171131,7843461,-413861,0,2194202
ASH-S-000956,ASH-A-00284,2026-07,1560839,4914121,321883,0,2248154
ASH-S-000957,ASH-A-00235,2026-06,5097628,5380286,696868,1,324920
ASH-S-000958,ASH-A-00311,2025-07,7397211,8053284,3828831,0,1606202
ASH-S-000959,ASH-A-00150,2026-01,3226102,1263724,1553552,0,344248
ASH-S-000960,ASH-A-00019,2026-06,8457149,5121106,4706193,2,1599434
ASH-S-000961,ASH-A-00062,2026-05,4882780,2900705,1642987,0,508998
ASH-S-000962,ASH-A-00178,2025-09,883379,1337335,1542030,0,1417253
ASH-S-000963,ASH-A-00111,2025-10,942334,6954842,4556421,0,788236
ASH-S-000964,ASH-A-00198,2025-03,6900273,4309180,2438986,0,1365494
ASH-S-000965,ASH-A-00089,2026-07,8415728,5292610,179580,0,1533724
ASH-S-000966,ASH-A-00144,2026-02,1170595,7887320,4446845,0,1167280
ASH-S-000967,ASH-A-00266,2026-03,6101142,7205732,2825136,0,2135184
ASH-S-000968,ASH-A-00291,2026-05,3786182,1039022,-193095,0,2488192
ASH-S-000969,ASH-A-00321,2025-10,7339264,7633532,2468129,1,1695650
ASH-S-000970,ASH-A-00106,2025-11,6187941,5030144,771755,1,782722
ASH-S-000971,ASH-A-00229,2026-06,1529920,7705121,859145,0,568970
ASH-S-000972,ASH-A-00334,2025-11,6876343,6216539,-232817,0,43533
ASH-S-000973,ASH-A-00243,2025-02,798625,1452561,2016756,1,1161145
ASH-S-000974,ASH-A-00056,2025-07,165457,6403013,3821848,0,1775715
ASH-S-000975,ASH-A-00092,2025-08,759900,7527198,410733,1,24388
ASH-S-000976,ASH-A-00326,2025-12,6944868,1049763,1831226,2,430649
ASH-S-000977,ASH-A-00248,2025-05,2440866,189313,3507010,0,816036
ASH-S-000978,ASH-A-00256,2025-05,2122032,5951727,903399,0,609052
ASH-S-000979,ASH-A-00282,2025-06,3116362,2995832,4214623,0,65243
ASH-S-000980,ASH-A-00274,2025-09,7982781,5541823,854803,0,1511207
ASH-S-000981,ASH-A-00310,2026-05,5065521,596028,-439189,0,173635
ASH-S-000982,ASH-A-00283,2025-09,7669528,2003171,1464054,0,436895
ASH-S-000983,ASH-A-00059,2025-08,5902185,558304,2187534,0,1868061
ASH-S-000984,ASH-A-00074,2025-06,8982202,2262043,-385779,0,1841571
ASH-S-000985,ASH-A-00148,2025-05,6109466,8270351,4218466,2,1957672
ASH-S-000986,ASH-A-00268,2025-08,570073,2201204,4083618,0,315294
ASH-S-000987,ASH-A-00012,2025-09,1796756,4886778,2313445,0,333805
ASH-S-000988,ASH-A-00313,2025-10,2198084,1664018,1753158,0,2340649
ASH-S-000989,ASH-A-00209,2026-01,4909104,2222462,4168790,0,366526
ASH-S-000990,ASH-A-00328,2026-03,3825893,438709,2784025,0,1454320
ASH-S-000991,ASH-A-00254,2026-04,498381,3874207,3447843,0,494059
ASH-S-000992,ASH-A-00341,2025-05,1713209,3783176,4755677,0,1874925
ASH-S-000993,ASH-A-00128,2025-08,6832786,290532,2225433,0,2327560
ASH-S-000994,ASH-A-00165,2025-11,8350945,6302491,4519046,0,97475
ASH-S-000995,ASH-A-00278,2025-09,3210166,71118,3065681,0,1813237
ASH-S-000996,ASH-A-00290,2026-06,899381,5060236,2563910,1,2190291
ASH-S-000997,ASH-A-00311,2026-04,7279955,307844,2714704,0,213301
ASH-S-000998,ASH-A-00198,2025-10,7132782,7772448,1568238,0,1156590
ASH-S-000999,ASH-A-00190,2026-01,805300,1452414,2897668,0,1872939
ASH-S-001000,ASH-A-00212,2025-04,3815794,7077149,4248784,0,2475184
ASH-S-001001,ASH-A-00282,2025-03,2429035,6061450,1395091,0,2157602
ASH-S-001002,ASH-A-00143,2025-07,8114787,6745188,4717090,0,1678366
ASH-S-001003,ASH-A-00151,2025-09,5134874,7774700,3735052,1,766442
ASH-S-001004,ASH-A-00165,2025-02,8997153,4790909,1095061,0,600719
ASH-S-001005,ASH-A-00128,2025-06,3646699,5118020,3847347,0,143839
ASH-S-001006,ASH-A-00140,2025-04,7703050,2174248,2132132,0,1398289
ASH-S-001007,ASH-A-00175,2025-08,6762705,1872146,2298344,0,1332570
ASH-S-001008,ASH-A-00234,2025-09,563087,6505348,1010600,0,2371810
ASH-S-001009,ASH-A-00193,2025-02,2800451,4716523,930280,0,267673
ASH-S-001010,ASH-A-00122,2025-07,3798220,2482611,4755824,0,1231031
ASH-S-001011,ASH-A-00183,2025-06,3808587,1445242,2252461,0,594264
ASH-S-001012,ASH-A-00268,2025-12,3877687,833264,1894902,0,596453
ASH-S-001013,ASH-A-00309,2026-01,6661869,3144004,4727756,0,1866490
ASH-S-001014,ASH-A-00080,2025-04,8223206,5017512,866795,0,559545
ASH-S-001015,ASH-A-00013,2025-09,1539833,6892871,3442404,0,751693
ASH-S-001016,ASH-A-00061,2025-11,4118912,3014349,2956783,0,890451
ASH-S-001017,ASH-A-00243,2025-02,6727386,3772643,608658,0,148483
ASH-S-001018,ASH-A-00110,2025-05,3949297,2692201,3745240,0,2239854
ASH-S-001019,ASH-A-00183,2025-02,3182888,2597113,-71815,0,2463830
ASH-S-001020,ASH-A-00024,2025-04,4095786,4145564,1325418,0,956624
ASH-S-001021,ASH-A-00250,2026-05,8254087,1481913,4614226,0,253835
ASH-S-001022,ASH-A-00330,2025-02,3163771,5790956,3159508,0,623311
ASH-S-001023,ASH-A-00094,2025-10,6397845,4770588,3679119,0,1555459
ASH-S-001024,ASH-A-00181,2026-05,5265910,101227,3320654,0,608218
ASH-S-001025,ASH-A-00116,2025-02,4872490,5833521,1371965,0,992863
ASH-S-001026,ASH-A-00042,2025-12,7943868,7869344,4033498,0,1204805
ASH-S-001027,ASH-A-00169,2025-11,4939106,7460298,1965414,0,1872010
ASH-S-001028,ASH-A-00006,2025-05,5041162,5978058,1192587,0,447927
ASH-S-001029,ASH-A-00041,2026-07,7652560,8431046,3139554,2,1805208
ASH-S-001030,ASH-A-00174,2025-03,5861442,3026130,3500458,0,1763598
ASH-S-001031,ASH-A-00034,2025-05,524641,2746384,4195395,0,1357009
ASH-S-001032,ASH-A-00244,2026-04,1001808,6884626,172259,0,261130
ASH-S-001033,ASH-A-00079,2025-05,4205626,1221779,505271,0,2304680
ASH-S-001034,ASH-A-00348,2026-01,483331,6542414,4828108,0,1803392
ASH-S-001035,ASH-A-00104,2025-10,4208444,2333032,818094,0,2049666
ASH-S-001036,ASH-A-00063,2026-04,6048255,2665709,150727,1,1597757
ASH-S-001037,ASH-A-00325,2026-03,4852847,6227879,3023597,0,2098680
ASH-S-001038,ASH-A-00042,2025-04,4879407,2613859,4635795,0,100485
ASH-S-001039,ASH-A-00020,2025-03,4187753,7669404,2374042,0,1040364
ASH-S-001040,ASH-A-00291,2026-04,2571461,4141724,163623,0,1099064
ASH-S-001041,ASH-A-00223,2025-11,8505599,6436999,2737582,0,541879
ASH-S-001042,ASH-A-00245,2026-03,4406084,1792776,3667873,0,856013
ASH-S-001043,ASH-A-00349,2026-02,7004536,5806171,4332552,0,1439532
ASH-S-001044,ASH-A-00107,2026-03,2419768,751961,340606,0,1162556
ASH-S-001045,ASH-A-00341,2025-03,6586795,5984021,922942,0,1658023
ASH-S-001046,ASH-A-00149,2025-06,7312365,7527814,1398253,1,1556860
ASH-S-001047,ASH-A-00032,2025-05,8264794,3131550,1895873,0,1458822
ASH-S-001048,ASH-A-00112,2025-08,8284208,6190921,2840447,0,1628593
ASH-S-001049,ASH-A-00314,2026-02,6970951,4425057,3987027,0,1241049
ASH-S-001050,ASH-A-00301,2026-01,2760038,2822984,1887754,0,2433285
ASH-S-001051,ASH-A-00147,2025-11,2098529,423733,2123851,0,589190
ASH-S-001052,ASH-A-00161,2025-02,7013616,2234559,4310389,0,1616743
ASH-S-001053,ASH-A-00273,2025-10,1923096,2459050,4969,1,540048
ASH-S-001054,ASH-A-00229,2025-12,8337578,3068542,4560322,1,1350401
ASH-S-001055,ASH-A-00011,2026-05,7476229,3675672,1709232,0,1139487
ASH-S-001056,ASH-A-00070,2025-04,2277654,1909638,2076328,0,1567127
ASH-S-001057,ASH-A-00002,2025-07,2552026,3346381,2005407,1,1945541
ASH-S-001058,ASH-A-00281,2026-07,184897,4872955,2443137,2,2389167
ASH-S-001059,ASH-A-00237,2025-05,6347637,2009804,3909999,0,227850
ASH-S-001060,ASH-A-00234,2025-02,3496039,3921750,4675138,0,402617
ASH-S-001061,ASH-A-00149,2026-01,2496225,4137123,1169570,0,664563
ASH-S-001062,ASH-A-00028,2026-04,4605254,5372608,87133,0,1665523
ASH-S-001063,ASH-A-00249,2025-12,7550341,257144,2867058,0,931529
ASH-S-001064,ASH-A-00343,2025-05,8807843,7212773,1231590,0,292543
ASH-S-001065,ASH-A-00070,2025-06,534102,882257,3895234,0,1135842
ASH-S-001066,ASH-A-00064,2025-12,4326770,3474838,1266248,2,901357
ASH-S-001067,ASH-A-00216,2026-01,6472549,444885,3824069,0,2276003
ASH-S-001068,ASH-A-00309,2025-12,8447893,1499383,1285145,0,1417474
ASH-S-001069,ASH-A-00327,2026-07,4327900,4858959,3197919,1,568181
ASH-S-001070,ASH-A-00012,2026-04,6295482,7094795,1898237,0,228097
ASH-S-001071,ASH-A-00058,2025-07,2522281,4448097,4764624,0,402510
ASH-S-001072,ASH-A-00288,2025-07,6358041,897493,-442330,0,1401679
ASH-S-001073,ASH-A-00149,2025-12,1920870,8032423,2443907,0,2235482
ASH-S-001074,ASH-A-00328,2025-03,898519,3696245,3944981,0,2430436
ASH-S-001075,ASH-A-00327,2025-03,4875620,4342902,4902413,0,1192145
ASH-S-001076,ASH-A-00031,2025-09,4139923,1131634,2474025,0,2144779
ASH-S-001077,ASH-A-00174,2025-04,3663225,5599379,1151655,0,442130
ASH-S-001078,ASH-A-00140,2026-03,3724707,8067963,2152937,0,1487500
ASH-S-001079,ASH-A-00258,2025-03,3386537,765696,4788395,0,442471
ASH-S-001080,ASH-A-00206,2026-03,5411147,6459386,1914180,0,2052870
ASH-S-001081,ASH-A-00230,2026-04,4480060,665518,315128,2,166035
ASH-S-001082,ASH-A-00079,2026-02,1803145,6851390,4636091,0,2353586
ASH-S-001083,ASH-A-00330,2025-07,8195690,1785212,3206858,0,1544333
ASH-S-001084,ASH-A-00264,2025-12,7198459,7146614,496425,0,2406148
ASH-S-001085,ASH-A-00240,2025-12,7437492,6036847,4408199,0,2196558
ASH-S-001086,ASH-A-00103,2026-07,3422125,2741525,3021400,0,184837
ASH-S-001087,ASH-A-00164,2025-03,5664119,3539248,2695090,0,1505424
ASH-S-001088,ASH-A-00329,2026-04,1203634,5894738,3089841,0,638940
ASH-S-001089,ASH-A-00279,2025-11,4222525,6179422,1558362,2,2436415
ASH-S-001090,ASH-A-00335,2026-05,8622620,2796271,1918008,0,1688475
ASH-S-001091,ASH-A-00337,2025-05,1661493,7913827,3593123,0,191673
ASH-S-001092,ASH-A-00034,2026-07,5620690,4551003,3117862,0,2043723
ASH-S-001093,ASH-A-00309,2025-07,152149,3455603,-395809,0,2171905
ASH-S-001094,ASH-A-00174,2025-07,2723926,7811508,1049627,0,1621655
ASH-S-001095,ASH-A-00220,2026-05,3804182,4338966,2206301,0,1565983
ASH-S-001096,ASH-A-00031,2025-06,5447621,2170270,3894115,0,1267553
ASH-S-001097,ASH-A-00218,2025-05,4082258,134124,4116493,0,808777
ASH-S-001098,ASH-A-00003,2026-03,7997191,2158186,-383120,0,948518
ASH-S-001099,ASH-A-00284,2025-06,8196485,8031120,3485454,0,496344
ASH-S-001100,ASH-A-00061,2026-03,4987158,2412309,2226296,0,2026333
ASH-S-001101,ASH-A-00334,2026-03,6622039,3388927,-440801,0,267859
ASH-S-001102,ASH-A-00004,2026-01,1471572,2516635,163906,0,603729
ASH-S-001103,ASH-A-00142,2025-05,3325755,5012689,1984939,0,227386
ASH-S-001104,ASH-A-00178,2026-07,8190583,7560007,3489718,0,1801778
ASH-S-001105,ASH-A-00061,2026-07,8044761,1877583,2705779,0,1832435
ASH-S-001106,ASH-A-00179,2025-12,6835109,7697977,2961811,0,1593885
ASH-S-001107,ASH-A-00268,2025-08,3347721,4884658,1781489,0,1547822
ASH-S-001108,ASH-A-00077,2025-06,4803607,2382128,2736512,0,1538946
ASH-S-001109,ASH-A-00100,2026-01,3440321,3118469,616897,0,2440412
ASH-S-001110,ASH-A-00038,2025-08,4171581,282888,3397474,0,1203337
ASH-S-001111,ASH-A-00244,2026-07,4161001,7128802,-29993,0,1413308
ASH-S-001112,ASH-A-00252,2026-06,1997457,1446066,2307780,0,413419
ASH-S-001113,ASH-A-00022,2025-04,6739974,2599937,3065321,0,2123591
ASH-S-001114,ASH-A-00016,2025-05,6813128,5909360,4252024,0,886336
ASH-S-001115,ASH-A-00342,2025-08,7943923,5701575,4565325,0,2343314
ASH-S-001116,ASH-A-00104,2025-07,5425967,4908990,3808058,0,878288
ASH-S-001117,ASH-A-00183,2026-02,1577514,3195511,454266,0,1699967
ASH-S-001118,ASH-A-00241,2026-04,1611586,4290360,2774613,0,2129622
ASH-S-001119,ASH-A-00211,2026-06,6578463,4818541,1563812,0,106241
ASH-S-001120,ASH-A-00106,2025-04,8382292,2387151,2969768,0,623428
ASH-S-001121,ASH-A-00265,2025-05,5287277,6650851,4069161,0,2494054
ASH-S-001122,ASH-A-00085,2026-03,2236471,4927041,-428075,0,154211
ASH-S-001123,ASH-A-00345,2026-07,2449785,408817,4131055,0,218161
ASH-S-001124,ASH-A-00044,2025-10,6404847,353064,2231246,0,111031
ASH-S-001125,ASH-A-00286,2025-10,4774321,3557571,751591,0,490422
ASH-S-001126,ASH-A-00205,2026-06,3484402,1016637,4960355,0,841090
ASH-S-001127,ASH-A-00120,2025-10,7139996,3701837,2749326,0,852100
ASH-S-001128,ASH-A-00006,2025-04,1056642,1014026,-133614,0,2217560
ASH-S-001129,ASH-A-00304,2026-05,4019225,1166734,4189272,0,487974
ASH-S-001130,ASH-A-00001,2025-10,832540,2970682,3968509,0,977378
ASH-S-001131,ASH-A-00171,2025-09,1161609,5682093,4111348,1,763760
ASH-S-001132,ASH-A-00319,2026-07,928463,3920691,-35864,1,935368
ASH-S-001133,ASH-A-00324,2026-01,7078767,7185242,292563,0,1761055
ASH-S-001134,ASH-A-00201,2025-06,494943,1441560,727177,2,1809731
ASH-S-001135,ASH-A-00266,2025-03,5931727,5145171,3399229,1,1085564
ASH-S-001136,ASH-A-00234,2025-02,5909790,3755819,167822,2,380260
ASH-S-001137,ASH-A-00018,2025-11,3638295,4162144,-379813,1,1824667
ASH-S-001138,ASH-A-00254,2025-07,7593921,4929015,720279,0,2461694
ASH-S-001139,ASH-A-00063,2025-10,2427649,7143185,4636886,0,1722080
ASH-S-001140,ASH-A-00182,2026-06,562875,1802243,2951882,0,1801558
ASH-S-001141,ASH-A-00245,2026-07,1729093,8368741,3565762,0,535400
ASH-S-001142,ASH-A-00336,2026-03,3716360,6924683,1531284,0,2216055
ASH-S-001143,ASH-A-00340,2026-07,6078442,472296,286365,0,1673092
ASH-S-001144,ASH-A-00327,2025-06,7795677,6796356,991981,0,782068
ASH-S-001145,ASH-A-00217,2026-01,7377775,7506621,3867811,0,2169557
ASH-S-001146,ASH-A-00005,2026-04,3346796,7568580,4948751,0,1667477
ASH-S-001147,ASH-A-00166,2025-06,3221723,71337,3440632,0,2458349
ASH-S-001148,ASH-A-00123,2025-10,1861278,2334639,2263369,0,2009094
ASH-S-001149,ASH-A-00245,2026-02,2635068,7338528,2257138,2,2090398
ASH-S-001150,ASH-A-00194,2025-09,498382,3213461,4222821,0,2242213
ASH-S-001151,ASH-A-00012,2025-10,572012,1275338,1990319,0,1858919
ASH-S-001152,ASH-A-00055,2025-12,5610801,8160810,4175780,0,2407703
ASH-S-001153,ASH-A-00035,2025-05,5993626,6711859,2493720,0,2251365
ASH-S-001154,ASH-A-00272,2026-01,1426854,1975131,2136793,0,175162
ASH-S-001155,ASH-A-00028,2026-06,6137598,791266,-413403,0,780223
ASH-S-001156,ASH-A-00134,2025-09,3115787,7562867,4257503,0,2070557
ASH-S-001157,ASH-A-00178,2026-06,7848782,895328,4805121,0,79878
ASH-S-001158,ASH-A-00072,2026-05,3371303,362289,585919,0,638833
ASH-S-001159,ASH-A-00174,2026-06,301337,1130518,4950132,0,161535
ASH-S-001160,ASH-A-00252,2025-09,2947483,445166,2918027,0,1455481
ASH-S-001161,ASH-A-00076,2025-06,2798763,3869467,1135720,0,894245
ASH-S-001162,ASH-A-00060,2026-06,343021,6509862,960529,1,67210
ASH-S-001163,ASH-A-00255,2026-06,3361046,392406,691702,0,734612
ASH-S-001164,ASH-A-00197,2026-06,7184723,2390234,1727366,0,2418443
ASH-S-001165,ASH-A-00231,2025-11,4093412,7938136,4877238,0,114365
ASH-S-001166,ASH-A-00167,2026-02,1623867,4708789,2109159,0,1551316
ASH-S-001167,ASH-A-00208,2026-07,8402133,4350138,-33089,0,2286459
ASH-S-001168,ASH-A-00252,2025-07,6151456,5159080,1673593,1,928006
ASH-S-001169,ASH-A-00130,2025-10,1180308,4769153,2744526,0,2312559
ASH-S-001170,ASH-A-00274,2026-07,7106853,5998057,3862695,0,1132680
ASH-S-001171,ASH-A-00259,2025-07,5057356,3895957,2512635,0,1809186
ASH-S-001172,ASH-A-00322,2025-06,7067558,8356726,1360549,0,1652644
ASH-S-001173,ASH-A-00153,2026-03,5334453,4092195,844005,0,1942413
ASH-S-001174,ASH-A-00242,2025-11,8880067,7962061,-411619,1,1229400
ASH-S-001175,ASH-A-00124,2025-06,6933714,3724866,4992762,0,1032802
ASH-S-001176,ASH-A-00220,2026-05,5737553,591397,2536605,0,1291785
ASH-S-001177,ASH-A-00163,2025-03,6139563,594875,4548609,0,1138854
ASH-S-001178,ASH-A-00205,2026-02,2851343,197414,-21035,0,1185932
ASH-S-001179,ASH-A-00088,2026-05,3370868,826356,3471175,0,2065302
ASH-S-001180,ASH-A-00072,2026-05,5360331,4583826,4876231,0,1458543
ASH-S-001181,ASH-A-00341,2026-06,160315,4114870,4266311,1,276068
ASH-S-001182,ASH-A-00215,2025-05,5701751,5951556,472232,0,566396
ASH-S-001183,ASH-A-00325,2025-02,5111442,5822918,-255723,0,2368570
ASH-S-001184,ASH-A-00048,2025-10,3598479,5821592,1454011,1,594137
ASH-S-001185,ASH-A-00237,2026-05,4522996,3961379,1427344,0,1396686
ASH-S-001186,ASH-A-00096,2025-04,1767290,1933601,743164,0,1488881
ASH-S-001187,ASH-A-00294,2025-03,4689896,2859611,2914712,0,1942395
ASH-S-001188,ASH-A-00135,2025-06,7363511,6440445,1086613,0,1452614
ASH-S-001189,ASH-A-00056,2026-07,937526,6158138,3709996,0,817147
ASH-S-001190,ASH-A-00283,2026-07,5953658,5907893,2004134,0,346580
ASH-S-001191,ASH-A-00132,2026-06,7317504,747493,4613602,0,348990
ASH-S-001192,ASH-A-00299,2025-08,5518820,1633148,207603,0,1286898
ASH-S-001193,ASH-A-00176,2025-11,5325639,3749637,3356376,0,1762711
ASH-S-001194,ASH-A-00069,2026-02,3208564,1866126,3037422,0,1047883
ASH-S-001195,ASH-A-00226,2025-08,6543778,1661693,727737,0,1341525
ASH-S-001196,ASH-A-00243,2025-11,7179755,2858207,3118530,0,435737
ASH-S-001197,ASH-A-00088,2026-01,562300,4380780,3960051,0,1864198
ASH-S-001198,ASH-A-00200,2025-06,316820,1053391,3105901,0,361634
ASH-S-001199,ASH-A-00308,2026-01,4114902,398524,1520243,1,1419399
