applicant_id,bureau_score,enquiries_last_6m,active_trade_lines,dpd_30_last_12m,dpd_90_ever,written_off_amount_inr,report_pulled_on
ASH-A-00000,374,5,0,0,False,900000,2026-06-23
ASH-A-00001,500,9,7,0,False,0,2026-07-13
ASH-A-00002,677,3,10,0,True,0,2026-06-15
ASH-A-00003,753,9,4,0,True,0,2026-07-28
ASH-A-00004,443,6,12,1,False,150000,2026-05-16
ASH-A-00005,652,0,8,1,False,0,2026-07-12
ASH-A-00006,785,6,0,3,False,150000,2026-05-09
ASH-A-00007,569,0,6,2,False,0,2026-05-09
ASH-A-00008,499,3,3,0,True,0,2026-06-02
ASH-A-00009,666,2,3,0,False,0,2026-06-17
ASH-A-00010,857,1,7,0,False,0,2026-07-08
ASH-A-00011,404,1,9,0,False,0,2026-07-15
ASH-A-00012,732,3,8,3,False,0,2026-06-20
ASH-A-00013,859,9,5,0,False,0,2026-05-10
ASH-A-00014,858,4,4,0,True,0,2026-07-26
ASH-A-00015,892,5,0,0,False,150000,2026-05-07
ASH-A-00016,396,6,4,0,True,0,2026-05-23
ASH-A-00017,556,1,6,0,False,0,2026-07-30
ASH-A-00018,774,7,10,0,False,0,2026-05-04
ASH-A-00019,465,1,7,2,False,0,2026-05-13
ASH-A-00020,498,4,8,2,False,150000,2026-06-25
ASH-A-00021,648,7,12,1,False,0,2026-07-15
ASH-A-00022,736,3,8,0,False,150000,2026-05-20
ASH-A-00023,856,5,6,0,False,0,2026-07-14
ASH-A-00024,323,7,12,1,False,900000,2026-06-13
ASH-A-00025,712,1,7,0,True,0,2026-05-26
ASH-A-00026,714,8,12,1,False,0,2026-06-07
ASH-A-00027,302,6,8,0,False,0,2026-05-20
ASH-A-00028,529,5,5,0,True,0,2026-07-08
ASH-A-00029,674,0,12,0,False,0,2026-07-09
ASH-A-00030,571,6,9,0,True,900000,2026-07-17
ASH-A-00031,478,1,9,0,False,0,2026-07-15
ASH-A-00032,340,8,9,0,False,0,2026-06-14
ASH-A-00033,854,4,12,0,True,0,2026-05-15
ASH-A-00034,338,5,12,0,False,900000,2026-05-25
ASH-A-00035,855,6,11,0,False,150000,2026-05-31
ASH-A-00036,433,4,9,0,False,150000,2026-06-26
ASH-A-00037,367,1,4,0,False,150000,2026-06-16
ASH-A-00038,336,7,1,0,False,150000,2026-06-11
ASH-A-00039,758,6,7,0,False,900000,2026-05-21
ASH-A-00040,326,9,7,0,False,150000,2026-05-09
ASH-A-00041,772,7,9,0,False,0,2026-07-25
ASH-A-00042,888,6,8,0,False,0,2026-06-03
ASH-A-00043,828,9,3,0,False,900000,2026-06-24
ASH-A-00044,625,8,0,0,False,900000,2026-07-19
ASH-A-00045,543,5,0,0,False,900000,2026-07-29
ASH-A-00046,669,6,6,1,False,0,2026-06-27
ASH-A-00047,339,0,10,0,False,150000,2026-05-20
ASH-A-00048,650,5,4,0,False,0,2026-06-17
ASH-A-00049,703,3,2,0,False,0,2026-05-21
ASH-A-00050,552,2,10,0,False,0,2026-07-19
ASH-A-00051,700,3,3,0,False,150000,2026-05-13
ASH-A-00052,648,6,2,0,False,0,2026-05-21
ASH-A-00053,845,5,11,3,False,0,2026-06-10
ASH-A-00054,471,9,2,0,False,900000,2026-05-24
ASH-A-00055,651,8,9,1,False,0,2026-07-25
ASH-A-00056,816,1,8,1,False,0,2026-07-05
ASH-A-00057,801,8,4,2,False,150000,2026-06-03
ASH-A-00058,316,9,5,1,False,0,2026-07-22
ASH-A-00059,567,3,0,0,False,0,2026-07-27
ASH-A-00060,824,9,1,2,False,0,2026-06-30
ASH-A-00061,795,2,0,0,False,0,2026-06-28
ASH-A-00062,541,4,12,0,False,0,2026-06-10
ASH-A-00063,614,1,5,0,False,0,2026-05-23
ASH-A-00064,409,3,11,0,False,0,2026-07-21
ASH-A-00065,729,7,11,1,False,0,2026-07-19
ASH-A-00066,736,7,5,0,False,0,2026-07-24
ASH-A-00067,453,1,4,2,False,0,2026-07-17
ASH-A-00068,662,2,7,0,False,0,2026-07-09
ASH-A-00069,836,7,8,0,False,0,2026-07-15
ASH-A-00070,789,0,4,0,False,150000,2026-06-23
ASH-A-00071,871,5,6,0,False,0,2026-06-26
ASH-A-00072,738,6,0,2,False,150000,2026-06-21
ASH-A-00073,725,7,8,0,False,0,2026-05-16
ASH-A-00074,804,5,8,0,False,900000,2026-05-30
ASH-A-00075,854,5,11,0,False,0,2026-07-18
ASH-A-00076,594,2,8,0,False,0,2026-05-11
ASH-A-00077,738,5,0,0,False,0,2026-05-07
ASH-A-00078,459,4,5,0,False,0,2026-05-10
ASH-A-00079,542,2,10,1,False,0,2026-07-19
ASH-A-00080,633,5,1,0,False,0,2026-05-06
ASH-A-00081,834,3,10,0,False,0,2026-07-08
ASH-A-00082,402,4,4,0,False,150000,2026-06-09
ASH-A-00083,695,9,9,3,False,0,2026-07-24
ASH-A-00084,527,6,7,2,False,900000,2026-05-31
ASH-A-00085,723,2,11,0,False,150000,2026-07-14
ASH-A-00086,471,5,4,0,False,150000,2026-05-24
ASH-A-00087,477,8,12,1,False,0,2026-07-23
ASH-A-00088,364,2,3,0,False,900000,2026-05-04
ASH-A-00089,612,9,1,0,False,0,2026-06-22
ASH-A-00090,550,6,4,0,False,150000,2026-06-17
ASH-A-00091,653,0,8,0,False,150000,2026-07-10
ASH-A-00092,389,7,2,1,False,0,2026-06-17
ASH-A-00093,628,4,11,3,False,0,2026-06-19
ASH-A-00094,438,6,2,1,False,0,2026-05-17
ASH-A-00095,392,8,12,1,False,0,2026-07-29
ASH-A-00096,867,3,11,0,True,0,2026-07-12
ASH-A-00097,750,1,10,0,True,900000,2026-05-24
ASH-A-00098,503,7,12,1,False,150000,2026-07-06
ASH-A-00099,896,2,0,0,False,150000,2026-06-27
ASH-A-00100,519,6,2,2,False,0,2026-07-06
ASH-A-00101,899,1,10,0,False,0,2026-05-26
ASH-A-00102,470,5,10,0,False,150000,2026-07-25
ASH-A-00103,853,3,5,0,False,0,2026-05-15
ASH-A-00104,800,7,11,1,False,0,2026-07-20
ASH-A-00105,702,4,3,2,False,0,2026-07-26
ASH-A-00106,559,9,12,2,False,900000,2026-07-12
ASH-A-00107,419,2,7,0,False,150000,2026-06-14
ASH-A-00108,302,2,9,0,True,0,2026-06-04
ASH-A-00109,552,9,7,1,False,900000,2026-05-14
ASH-A-00110,519,7,11,2,False,150000,2026-06-26
ASH-A-00111,831,3,2,0,False,0,2026-05-16
ASH-A-00112,673,6,11,1,False,150000,2026-05-21
ASH-A-00113,477,0,0,0,False,150000,2026-07-21
ASH-A-00114,776,8,8,0,False,0,2026-07-08
ASH-A-00115,515,5,10,0,False,900000,2026-06-24
ASH-A-00116,703,0,12,1,False,0,2026-05-22
ASH-A-00117,317,4,4,0,False,0,2026-07-21
ASH-A-00118,886,9,5,0,True,0,2026-05-23
ASH-A-00119,884,1,0,1,False,0,2026-07-18
ASH-A-00120,900,5,10,0,False,0,2026-05-30
ASH-A-00121,823,3,0,0,False,0,2026-06-28
ASH-A-00122,725,7,1,0,False,0,2026-07-01
ASH-A-00123,417,2,6,0,False,0,2026-05-14
ASH-A-00124,512,2,1,1,False,0,2026-06-12
ASH-A-00125,777,2,0,0,False,900000,2026-05-12
ASH-A-00126,418,1,6,0,False,0,2026-05-07
ASH-A-00127,423,9,11,0,False,0,2026-07-06
ASH-A-00128,841,7,3,0,False,900000,2026-05-24
ASH-A-00129,337,4,9,0,False,0,2026-06-24
ASH-A-00130,313,2,7,0,False,0,2026-07-17
ASH-A-00131,833,1,2,1,False,0,2026-05-12
ASH-A-00132,591,0,12,0,False,150000,2026-05-17
ASH-A-00133,645,0,9,0,False,0,2026-06-30
ASH-A-00134,593,6,2,0,False,0,2026-07-10
ASH-A-00135,675,5,11,0,False,900000,2026-07-13
ASH-A-00136,301,3,11,0,False,0,2026-07-18
ASH-A-00137,897,7,0,1,False,0,2026-05-14
ASH-A-00138,445,4,3,0,False,0,2026-06-24
ASH-A-00139,675,6,4,1,False,0,2026-05-28
ASH-A-00140,376,2,0,0,False,0,2026-06-13
ASH-A-00141,426,5,9,0,False,0,2026-05-30
ASH-A-00142,361,2,9,0,False,900000,2026-05-11
ASH-A-00143,741,6,9,0,False,0,2026-07-25
ASH-A-00144,588,8,10,2,False,0,2026-05-28
ASH-A-00145,462,0,3,1,False,0,2026-05-27
ASH-A-00146,360,1,0,0,False,0,2026-06-20
ASH-A-00147,877,7,5,0,False,150000,2026-05-09
ASH-A-00148,679,7,9,0,False,0,2026-05-31
ASH-A-00149,735,2,3,0,False,0,2026-07-23
ASH-A-00150,557,7,6,0,True,0,2026-07-17
ASH-A-00151,421,8,1,0,True,900000,2026-07-19
ASH-A-00152,722,8,3,0,False,0,2026-06-19
ASH-A-00153,465,6,8,0,True,0,2026-07-21
ASH-A-00154,675,7,1,0,True,900000,2026-05-13
ASH-A-00155,650,0,7,0,False,0,2026-06-16
ASH-A-00156,404,3,0,0,False,0,2026-05-08
ASH-A-00157,594,5,8,2,False,0,2026-07-20
ASH-A-00158,710,2,1,1,True,150000,2026-06-14
ASH-A-00159,486,5,8,1,False,0,2026-06-13
ASH-A-00160,739,9,4,0,False,150000,2026-05-03
ASH-A-00161,641,3,10,1,False,150000,2026-06-11
ASH-A-00162,460,7,4,1,False,0,2026-07-22
ASH-A-00163,452,1,5,0,False,0,2026-07-10
ASH-A-00164,786,0,0,0,False,0,2026-06-13
ASH-A-00165,402,4,5,0,True,0,2026-07-19
ASH-A-00166,419,0,7,0,False,0,2026-07-31
ASH-A-00167,558,0,0,1,False,0,2026-06-25
ASH-A-00168,865,1,11,0,False,900000,2026-07-03
ASH-A-00169,576,9,0,0,False,900000,2026-05-09
ASH-A-00170,624,2,0,0,False,0,2026-07-20
ASH-A-00171,604,9,7,2,False,150000,2026-06-23
ASH-A-00172,804,3,10,0,False,0,2026-07-08
ASH-A-00173,423,6,6,0,False,0,2026-06-12
ASH-A-00174,691,1,2,0,False,0,2026-06-19
ASH-A-00175,791,9,4,0,False,0,2026-06-14
ASH-A-00176,487,3,11,0,False,150000,2026-06-30
ASH-A-00177,596,9,9,2,False,0,2026-07-20
ASH-A-00178,315,1,11,1,False,0,2026-07-24
ASH-A-00179,442,0,3,0,False,150000,2026-07-24
ASH-A-00180,475,1,1,0,False,900000,2026-07-06
ASH-A-00181,328,4,1,1,False,150000,2026-07-19
ASH-A-00182,385,3,5,0,False,150000,2026-06-22
ASH-A-00183,816,9,7,2,False,0,2026-06-15
ASH-A-00184,322,8,8,0,False,900000,2026-06-21
ASH-A-00185,331,1,8,2,False,0,2026-06-24
ASH-A-00186,441,2,12,0,False,0,2026-06-23
ASH-A-00187,825,3,9,3,False,0,2026-06-14
ASH-A-00188,311,8,2,0,True,150000,2026-05-07
ASH-A-00189,728,7,5,0,False,0,2026-07-24
ASH-A-00190,493,6,9,0,False,0,2026-07-16
ASH-A-00191,386,2,8,2,False,150000,2026-05-29
ASH-A-00192,469,9,10,0,False,0,2026-06-17
ASH-A-00193,701,9,10,2,False,900000,2026-05-08
ASH-A-00194,573,0,9,0,False,0,2026-07-30
ASH-A-00195,390,9,6,0,False,0,2026-07-29
ASH-A-00196,865,3,2,0,False,900000,2026-06-26
ASH-A-00197,871,3,5,1,False,0,2026-06-28
ASH-A-00198,707,2,4,0,False,0,2026-07-10
ASH-A-00199,589,9,6,0,False,0,2026-07-01
ASH-A-00200,739,0,4,0,False,0,2026-06-15
ASH-A-00201,311,2,8,0,False,0,2026-06-06
ASH-A-00202,893,3,10,0,False,0,2026-05-03
ASH-A-00203,814,9,12,1,False,0,2026-06-24
ASH-A-00204,813,3,9,0,False,0,2026-06-10
ASH-A-00205,791,2,12,0,False,0,2026-06-13
ASH-A-00206,322,9,1,0,True,0,2026-06-29
ASH-A-00207,554,5,10,1,False,0,2026-07-22
ASH-A-00208,509,6,1,0,False,0,2026-07-29
ASH-A-00209,300,5,2,3,True,0,2026-06-03
ASH-A-00210,869,8,1,0,False,900000,2026-05-05
ASH-A-00211,469,5,4,1,False,0,2026-05-15
ASH-A-00212,399,6,5,0,False,900000,2026-05-31
ASH-A-00213,580,0,12,0,False,0,2026-06-18
ASH-A-00214,795,1,12,0,False,150000,2026-06-24
ASH-A-00215,886,8,10,0,False,900000,2026-05-03
ASH-A-00216,710,7,8,0,False,0,2026-05-29
ASH-A-00217,723,8,1,1,False,150000,2026-05-21
ASH-A-00218,703,6,4,0,False,150000,2026-07-02
ASH-A-00219,554,9,6,0,False,0,2026-06-21
ASH-A-00220,690,9,4,0,False,0,2026-06-05
ASH-A-00221,567,5,12,0,False,150000,2026-05-16
ASH-A-00222,484,0,10,1,False,0,2026-07-10
ASH-A-00223,690,0,5,0,False,0,2026-07-08
ASH-A-00224,363,3,9,0,False,0,2026-05-23
ASH-A-00225,731,5,3,0,False,0,2026-05-13
ASH-A-00226,827,9,4,0,False,0,2026-06-19
ASH-A-00227,307,0,0,0,False,0,2026-07-20
ASH-A-00228,439,4,8,3,False,0,2026-05-31
ASH-A-00229,685,6,10,1,False,900000,2026-07-26
ASH-A-00230,870,9,6,0,False,0,2026-07-18
ASH-A-00231,746,4,2,0,False,0,2026-06-02
ASH-A-00232,733,5,7,1,False,0,2026-06-27
ASH-A-00233,761,4,12,0,False,150000,2026-07-20
ASH-A-00234,329,6,2,0,False,0,2026-07-19
ASH-A-00235,714,6,12,0,False,0,2026-06-05
ASH-A-00236,596,0,1,0,False,150000,2026-06-06
ASH-A-00237,534,0,0,0,False,0,2026-07-25
ASH-A-00238,491,1,2,0,False,0,2026-06-13
ASH-A-00239,789,7,4,0,False,150000,2026-05-09
ASH-A-00240,699,0,1,0,False,0,2026-05-12
ASH-A-00241,681,8,4,0,False,0,2026-05-09
ASH-A-00242,306,8,0,0,False,0,2026-06-19
ASH-A-00243,806,8,2,0,True,150000,2026-06-30
ASH-A-00244,666,7,12,2,False,0,2026-06-15
ASH-A-00245,438,6,12,0,False,0,2026-05-10
ASH-A-00246,450,1,2,0,False,0,2026-07-13
ASH-A-00247,790,5,3,0,False,900000,2026-06-09
ASH-A-00248,845,0,7,0,False,900000,2026-05-19
ASH-A-00249,677,4,8,0,False,900000,2026-06-26
ASH-A-00250,538,8,5,1,False,0,2026-05-07
ASH-A-00251,332,6,4,0,False,900000,2026-06-17
ASH-A-00252,646,2,3,1,True,0,2026-05-22
ASH-A-00253,457,7,4,1,False,900000,2026-07-13
ASH-A-00254,803,9,11,1,True,0,2026-07-29
ASH-A-00255,707,3,3,0,False,900000,2026-07-14
ASH-A-00256,470,7,2,0,False,150000,2026-06-24
ASH-A-00257,688,2,1,2,False,0,2026-07-05
ASH-A-00258,855,0,12,1,False,0,2026-05-27
ASH-A-00259,342,4,5,1,False,0,2026-07-01
ASH-A-00260,535,5,11,0,False,0,2026-07-02
ASH-A-00261,534,5,3,2,True,900000,2026-07-18
ASH-A-00262,406,8,1,1,False,0,2026-06-21
ASH-A-00263,593,8,1,1,False,0,2026-05-30
ASH-A-00264,560,4,10,2,False,0,2026-05-08
ASH-A-00265,844,3,8,1,False,0,2026-06-30
ASH-A-00266,522,7,11,1,False,900000,2026-07-09
ASH-A-00267,628,3,10,0,False,0,2026-06-21
ASH-A-00268,824,4,8,1,False,150000,2026-06-28
ASH-A-00269,735,9,8,0,False,900000,2026-06-30
ASH-A-00270,362,4,5,0,False,0,2026-05-13
ASH-A-00271,580,7,10,0,False,0,2026-07-21
ASH-A-00272,391,9,8,1,False,0,2026-05-20
ASH-A-00273,574,2,3,1,False,150000,2026-06-16
ASH-A-00274,466,8,3,0,False,0,2026-05-14
ASH-A-00275,862,7,0,0,False,150000,2026-05-23
ASH-A-00276,476,8,8,2,False,150000,2026-08-01
ASH-A-00277,517,2,2,0,False,0,2026-05-21
ASH-A-00278,535,2,0,0,False,0,2026-06-17
ASH-A-00279,744,6,1,0,True,900000,2026-06-30
ASH-A-00280,871,7,11,0,True,0,2026-07-21
ASH-A-00281,602,3,5,0,False,0,2026-07-31
ASH-A-00282,540,8,4,2,False,900000,2026-05-11
ASH-A-00283,822,0,12,0,False,150000,2026-07-04
ASH-A-00284,441,3,5,0,False,150000,2026-06-03
ASH-A-00285,400,0,0,0,False,0,2026-06-16
ASH-A-00286,713,2,0,0,False,0,2026-07-14
ASH-A-00287,688,7,1,0,False,0,2026-06-14
ASH-A-00288,743,6,6,0,True,900000,2026-06-10
ASH-A-00289,679,4,1,1,False,0,2026-05-30
ASH-A-00290,301,7,8,0,False,150000,2026-05-29
ASH-A-00291,780,0,8,0,False,150000,2026-07-16
ASH-A-00292,499,6,6,0,False,0,2026-06-09
ASH-A-00293,847,9,9,0,False,150000,2026-06-16
ASH-A-00294,315,8,3,0,False,150000,2026-07-29
ASH-A-00295,879,1,7,0,False,900000,2026-06-19
ASH-A-00296,374,5,0,0,False,0,2026-06-07
ASH-A-00297,764,1,9,0,False,900000,2026-06-30
ASH-A-00298,542,2,0,2,False,900000,2026-07-16
ASH-A-00299,667,7,10,0,False,0,2026-06-09
ASH-A-00300,315,4,1,0,True,150000,2026-06-08
ASH-A-00301,442,1,12,0,False,0,2026-05-14
ASH-A-00302,771,7,7,0,False,900000,2026-05-16
ASH-A-00303,799,4,6,0,False,0,2026-06-24
ASH-A-00304,864,2,4,0,False,0,2026-05-16
ASH-A-00305,746,4,2,0,False,0,2026-06-04
ASH-A-00306,824,9,1,0,False,0,2026-07-12
ASH-A-00307,675,4,2,0,False,900000,2026-05-31
ASH-A-00308,681,7,0,0,False,0,2026-05-03
ASH-A-00309,891,2,2,1,False,0,2026-07-11
ASH-A-00310,888,0,11,0,False,0,2026-08-01
ASH-A-00311,650,6,4,2,False,0,2026-07-22
ASH-A-00312,439,4,7,3,False,150000,2026-07-01
ASH-A-00313,635,4,0,0,False,900000,2026-07-30
ASH-A-00314,829,2,2,0,False,0,2026-05-12
ASH-A-00315,439,6,1,0,False,0,2026-05-03
ASH-A-00316,793,1,0,1,False,900000,2026-07-10
ASH-A-00317,360,1,1,0,False,150000,2026-05-20
ASH-A-00318,774,1,10,0,False,0,2026-07-14
ASH-A-00319,344,5,3,2,False,0,2026-05-08
ASH-A-00320,883,2,3,0,False,0,2026-06-30
ASH-A-00321,621,0,0,2,False,900000,2026-07-22
ASH-A-00322,388,8,9,1,False,0,2026-07-10
ASH-A-00323,600,3,12,0,False,150000,2026-06-17
ASH-A-00324,723,9,8,0,False,0,2026-06-05
ASH-A-00325,434,9,4,0,False,0,2026-06-12
ASH-A-00326,390,9,12,1,False,0,2026-05-23
ASH-A-00327,618,8,1,0,False,0,2026-05-06
ASH-A-00328,564,5,0,0,False,900000,2026-07-01
ASH-A-00329,712,3,10,0,False,0,2026-05-24
ASH-A-00330,668,7,4,0,False,0,2026-06-05
ASH-A-00331,455,6,8,0,False,150000,2026-06-14
ASH-A-00332,339,6,7,0,False,900000,2026-05-27
ASH-A-00333,606,8,8,0,False,0,2026-06-03
ASH-A-00334,533,6,12,2,False,0,2026-06-11
ASH-A-00335,441,8,0,0,True,0,2026-05-30
ASH-A-00336,351,6,5,0,False,0,2026-06-07
ASH-A-00337,706,2,3,0,False,0,2026-06-30
ASH-A-00338,334,8,5,2,False,0,2026-06-20
ASH-A-00339,616,0,10,3,False,0,2026-05-13
ASH-A-00340,385,1,7,1,False,0,2026-06-30
ASH-A-00341,319,2,5,1,False,0,2026-07-08
ASH-A-00342,698,0,10,1,False,0,2026-06-11
ASH-A-00343,679,3,5,1,False,900000,2026-05-11
ASH-A-00344,481,0,1,0,False,0,2026-07-18
ASH-A-00345,879,5,0,0,False,900000,2026-07-31
ASH-A-00346,351,1,5,0,False,900000,2026-05-21
ASH-A-00347,655,9,4,0,False,0,2026-05-06
ASH-A-00348,748,4,0,2,False,0,2026-07-10
ASH-A-00349,495,2,7,0,True,0,2026-07-11
